Record Length,2.500000e+03,,   0.000095500000,   0.28000,
Sample Interval,1.000000e-08,,   0.000095510000,   0.28000,
Trigger Point,-9.550000000000e+03,,   0.000095520000,   0.28000,
,,,   0.000095530000,   0.28000,
,,,   0.000095540000,   0.28000,
,,,   0.000095550000,   0.28000,
Source,MATH,,   0.000095560000,   0.28000,
Vertical Units,VA,,   0.000095570000,   0.28000,
Vertical Scale,1.000000e+00,,   0.000095580000,   0.28000,
Vertical Offset,0.000000e+00,,   0.000095590000,   0.28000,
Horizontal Units,s,,   0.000095600000,   0.28000,
Horizontal Scale,2.500000e-06,,   0.000095610000,   0.28000,
Pt Fmt,Y,,   0.000095620000,   0.28000,
Yzero,0.000000e+00,,   0.000095630000,   0.28000,
Probe Atten,1.000000e+00,,   0.000095640000,   0.28000,
Model Number,TBS1042,,   0.000095650000,   0.28000,
Serial Number,C010574,,   0.000095660000,   0.28000,
Firmware Version,FV:v26.01,,   0.000095670000,   0.28000,
,,,0.000095680000,   0.28000,
,,,0.000095690000,   0.28000,
,,,0.000095700000,   0.12000,
,,,0.000095710000,   0.28000,
,,,0.000095720000,   0.28000,
,,,0.000095730000,   0.12000,
,,,0.000095740000,   0.28000,
,,,0.000095750000,   0.28000,
,,,0.000095760000,   0.28000,
,,,0.000095770000,   0.28000,
,,,0.000095780000,   0.28000,
,,,0.000095790000,   0.28000,
,,,0.000095800000,   0.28000,
,,,0.000095810000,   0.28000,
,,,0.000095820000,   0.28000,
,,,0.000095830000,   0.28000,
,,,0.000095840000,   0.28000,
,,,0.000095850000,   0.28000,
,,,0.000095860000,   0.28000,
,,,0.000095870000,   0.28000,
,,,0.000095880000,   0.28000,
,,,0.000095890000,   0.28000,
,,,0.000095900000,   0.28000,
,,,0.000095910000,   0.28000,
,,,0.000095920000,   0.28000,
,,,0.000095930000,   0.28000,
,,,0.000095940000,   0.28000,
,,,0.000095950000,   0.28000,
,,,0.000095960000,   0.28000,
,,,0.000095970000,   0.28000,
,,,0.000095980000,   0.28000,
,,,0.000095990000,   0.28000,
,,,0.000096000000,   0.28000,
,,,0.000096010000,   0.28000,
,,,0.000096020000,   0.28000,
,,,0.000096030000,   0.28000,
,,,0.000096040000,   0.28000,
,,,0.000096050000,   0.28000,
,,,0.000096060000,   0.28000,
,,,0.000096070000,   0.28000,
,,,0.000096080000,   0.28000,
,,,0.000096090000,   0.28000,
,,,0.000096100000,   0.28000,
,,,0.000096110000,   0.28000,
,,,0.000096120000,   0.28000,
,,,0.000096130000,   0.28000,
,,,0.000096140000,   0.28000,
,,,0.000096150000,   0.28000,
,,,0.000096160000,   0.28000,
,,,0.000096170000,   0.28000,
,,,0.000096180000,   0.28000,
,,,0.000096190000,   0.28000,
,,,0.000096200000,   0.28000,
,,,0.000096210000,   0.28000,
,,,0.000096220000,   0.28000,
,,,0.000096230000,   0.28000,
,,,0.000096240000,   0.28000,
,,,0.000096250000,   0.28000,
,,,0.000096260000,   0.28000,
,,,0.000096270000,   0.28000,
,,,0.000096280000,   0.28000,
,,,0.000096290000,   0.28000,
,,,0.000096300000,   0.28000,
,,,0.000096310000,   0.28000,
,,,0.000096320000,   0.28000,
,,,0.000096330000,   0.28000,
,,,0.000096340000,   0.28000,
,,,0.000096350000,   0.28000,
,,,0.000096360000,   0.28000,
,,,0.000096370000,   0.28000,
,,,0.000096380000,   0.28000,
,,,0.000096390000,   0.28000,
,,,0.000096400000,   0.28000,
,,,0.000096410000,   0.28000,
,,,0.000096420000,   0.28000,
,,,0.000096430000,   0.28000,
,,,0.000096440000,   0.28000,
,,,0.000096450000,   0.28000,
,,,0.000096460000,   0.28000,
,,,0.000096470000,   0.28000,
,,,0.000096480000,   0.28000,
,,,0.000096490000,   0.28000,
,,,0.000096500000,   0.28000,
,,,0.000096510000,   0.28000,
,,,0.000096520000,   0.28000,
,,,0.000096530000,   0.28000,
,,,0.000096540000,   0.28000,
,,,0.000096550000,   0.28000,
,,,0.000096560000,   0.12000,
,,,0.000096570000,   0.28000,
,,,0.000096580000,   0.28000,
,,,0.000096590000,   0.28000,
,,,0.000096600000,   0.28000,
,,,0.000096610000,   0.28000,
,,,0.000096620000,   0.28000,
,,,0.000096630000,   0.28000,
,,,0.000096640000,   0.12000,
,,,0.000096650000,   0.28000,
,,,0.000096660000,   0.28000,
,,,0.000096670000,   0.28000,
,,,0.000096680000,   0.28000,
,,,0.000096690000,   0.28000,
,,,0.000096700000,   0.28000,
,,,0.000096710000,   0.28000,
,,,0.000096720000,   0.28000,
,,,0.000096730000,   0.28000,
,,,0.000096740000,   0.28000,
,,,0.000096750000,   0.28000,
,,,0.000096760000,   0.28000,
,,,0.000096770000,   0.28000,
,,,0.000096780000,   0.28000,
,,,0.000096790000,   0.28000,
,,,0.000096800000,   0.28000,
,,,0.000096810000,   0.28000,
,,,0.000096820000,   0.28000,
,,,0.000096830000,   0.28000,
,,,0.000096840000,   0.28000,
,,,0.000096850000,   0.28000,
,,,0.000096860000,   0.28000,
,,,0.000096870000,   0.28000,
,,,0.000096880000,   0.28000,
,,,0.000096890000,   0.28000,
,,,0.000096900000,   0.28000,
,,,0.000096910000,   0.12000,
,,,0.000096920000,   0.12000,
,,,0.000096930000,   0.28000,
,,,0.000096940000,   0.28000,
,,,0.000096950000,   0.28000,
,,,0.000096960000,   0.28000,
,,,0.000096970000,   0.12000,
,,,0.000096980000,   0.28000,
,,,0.000096990000,   0.28000,
,,,0.000097000000,   0.28000,
,,,0.000097010000,   0.28000,
,,,0.000097020000,   0.28000,
,,,0.000097030000,   0.28000,
,,,0.000097040000,   0.28000,
,,,0.000097050000,   0.28000,
,,,0.000097060000,   0.28000,
,,,0.000097070000,   0.12000,
,,,0.000097080000,   0.28000,
,,,0.000097090000,   0.12000,
,,,0.000097100000,   0.28000,
,,,0.000097110000,   0.28000,
,,,0.000097120000,   0.28000,
,,,0.000097130000,   0.28000,
,,,0.000097140000,   0.28000,
,,,0.000097150000,   0.28000,
,,,0.000097160000,   0.28000,
,,,0.000097170000,   0.12000,
,,,0.000097180000,   0.28000,
,,,0.000097190000,   0.12000,
,,,0.000097200000,   0.12000,
,,,0.000097210000,   0.28000,
,,,0.000097220000,   0.28000,
,,,0.000097230000,   0.28000,
,,,0.000097240000,   0.28000,
,,,0.000097250000,   0.28000,
,,,0.000097260000,   0.28000,
,,,0.000097270000,   0.28000,
,,,0.000097280000,   0.28000,
,,,0.000097290000,   0.12000,
,,,0.000097300000,   0.28000,
,,,0.000097310000,   0.28000,
,,,0.000097320000,   0.12000,
,,,0.000097330000,   0.28000,
,,,0.000097340000,   0.28000,
,,,0.000097350000,   0.28000,
,,,0.000097360000,   0.28000,
,,,0.000097370000,   0.28000,
,,,0.000097380000,   0.28000,
,,,0.000097390000,   0.28000,
,,,0.000097400000,   0.12000,
,,,0.000097410000,   0.28000,
,,,0.000097420000,   0.28000,
,,,0.000097430000,   0.28000,
,,,0.000097440000,   0.28000,
,,,0.000097450000,   0.12000,
,,,0.000097460000,   0.28000,
,,,0.000097470000,   0.28000,
,,,0.000097480000,   0.28000,
,,,0.000097490000,   0.28000,
,,,0.000097500000,   0.12000,
,,,0.000097510000,   0.28000,
,,,0.000097520000,   0.28000,
,,,0.000097530000,   0.12000,
,,,0.000097540000,   0.28000,
,,,0.000097550000,   0.12000,
,,,0.000097560000,   0.28000,
,,,0.000097570000,   0.12000,
,,,0.000097580000,   0.28000,
,,,0.000097590000,   0.28000,
,,,0.000097600000,   0.28000,
,,,0.000097610000,   0.28000,
,,,0.000097620000,   0.28000,
,,,0.000097630000,   0.28000,
,,,0.000097640000,   0.28000,
,,,0.000097650000,   0.28000,
,,,0.000097660000,   0.28000,
,,,0.000097670000,   0.28000,
,,,0.000097680000,   0.28000,
,,,0.000097690000,   0.28000,
,,,0.000097700000,   0.28000,
,,,0.000097710000,   0.28000,
,,,0.000097720000,   0.28000,
,,,0.000097730000,   0.28000,
,,,0.000097740000,   0.28000,
,,,0.000097750000,   0.28000,
,,,0.000097760000,   0.28000,
,,,0.000097770000,   0.12000,
,,,0.000097780000,   0.28000,
,,,0.000097790000,   0.28000,
,,,0.000097800000,   0.28000,
,,,0.000097810000,   0.28000,
,,,0.000097820000,   0.28000,
,,,0.000097830000,   0.28000,
,,,0.000097840000,   0.28000,
,,,0.000097850000,   0.28000,
,,,0.000097860000,   0.28000,
,,,0.000097870000,   0.28000,
,,,0.000097880000,   0.12000,
,,,0.000097890000,   0.28000,
,,,0.000097900000,   0.28000,
,,,0.000097910000,   0.28000,
,,,0.000097920000,   0.28000,
,,,0.000097930000,   0.28000,
,,,0.000097940000,   0.28000,
,,,0.000097950000,   0.28000,
,,,0.000097960000,   0.12000,
,,,0.000097970000,   0.28000,
,,,0.000097980000,   0.28000,
,,,0.000097990000,   0.28000,
,,,0.000098000000,   0.28000,
,,,0.000098010000,   0.28000,
,,,0.000098020000,   0.28000,
,,,0.000098030000,   0.28000,
,,,0.000098040000,   0.28000,
,,,0.000098050000,   0.28000,
,,,0.000098060000,   0.12000,
,,,0.000098070000,   0.28000,
,,,0.000098080000,   0.28000,
,,,0.000098090000,   0.28000,
,,,0.000098100000,   0.28000,
,,,0.000098110000,   0.28000,
,,,0.000098120000,   0.28000,
,,,0.000098130000,   0.28000,
,,,0.000098140000,   0.28000,
,,,0.000098150000,   0.28000,
,,,0.000098160000,   0.12000,
,,,0.000098170000,   0.28000,
,,,0.000098180000,   0.28000,
,,,0.000098190000,   0.28000,
,,,0.000098200000,   0.28000,
,,,0.000098210000,   0.28000,
,,,0.000098220000,   0.28000,
,,,0.000098230000,   0.12000,
,,,0.000098240000,   0.28000,
,,,0.000098250000,   0.28000,
,,,0.000098260000,   0.28000,
,,,0.000098270000,   0.28000,
,,,0.000098280000,   0.28000,
,,,0.000098290000,   0.28000,
,,,0.000098300000,   0.28000,
,,,0.000098310000,   0.28000,
,,,0.000098320000,   0.28000,
,,,0.000098330000,   0.28000,
,,,0.000098340000,   0.28000,
,,,0.000098350000,   0.28000,
,,,0.000098360000,   0.28000,
,,,0.000098370000,   0.28000,
,,,0.000098380000,   0.28000,
,,,0.000098390000,   0.28000,
,,,0.000098400000,   0.28000,
,,,0.000098410000,   0.28000,
,,,0.000098420000,   0.28000,
,,,0.000098430000,   0.28000,
,,,0.000098440000,   0.28000,
,,,0.000098450000,   0.28000,
,,,0.000098460000,   0.28000,
,,,0.000098470000,   0.28000,
,,,0.000098480000,   0.28000,
,,,0.000098490000,   0.12000,
,,,0.000098500000,   0.12000,
,,,0.000098510000,   0.28000,
,,,0.000098520000,   0.28000,
,,,0.000098530000,   0.28000,
,,,0.000098540000,   0.12000,
,,,0.000098550000,   0.28000,
,,,0.000098560000,   0.12000,
,,,0.000098570000,   0.28000,
,,,0.000098580000,   0.28000,
,,,0.000098590000,   0.28000,
,,,0.000098600000,   0.28000,
,,,0.000098610000,   0.28000,
,,,0.000098620000,   0.28000,
,,,0.000098630000,   0.28000,
,,,0.000098640000,   0.28000,
,,,0.000098650000,   0.28000,
,,,0.000098660000,   0.28000,
,,,0.000098670000,   0.12000,
,,,0.000098680000,   0.28000,
,,,0.000098690000,   0.28000,
,,,0.000098700000,   0.28000,
,,,0.000098710000,   0.28000,
,,,0.000098720000,   0.28000,
,,,0.000098730000,   0.28000,
,,,0.000098740000,   0.28000,
,,,0.000098750000,   0.28000,
,,,0.000098760000,   0.28000,
,,,0.000098770000,   0.28000,
,,,0.000098780000,   0.28000,
,,,0.000098790000,   0.28000,
,,,0.000098800000,   0.28000,
,,,0.000098810000,   0.28000,
,,,0.000098820000,   0.12000,
,,,0.000098830000,   0.28000,
,,,0.000098840000,   0.28000,
,,,0.000098850000,   0.28000,
,,,0.000098860000,   0.28000,
,,,0.000098870000,   0.28000,
,,,0.000098880000,   0.28000,
,,,0.000098890000,   0.28000,
,,,0.000098900000,   0.28000,
,,,0.000098910000,   0.28000,
,,,0.000098920000,   0.12000,
,,,0.000098930000,   0.28000,
,,,0.000098940000,   0.28000,
,,,0.000098950000,   0.28000,
,,,0.000098960000,   0.28000,
,,,0.000098970000,   0.28000,
,,,0.000098980000,   0.28000,
,,,0.000098990000,   0.28000,
,,,0.000099000000,   0.28000,
,,,0.000099010000,   0.28000,
,,,0.000099020000,   0.28000,
,,,0.000099030000,   0.28000,
,,,0.000099040000,   0.28000,
,,,0.000099050000,   0.28000,
,,,0.000099060000,   0.28000,
,,,0.000099070000,   0.28000,
,,,0.000099080000,   0.12000,
,,,0.000099090000,   0.28000,
,,,0.000099100000,   0.28000,
,,,0.000099110000,   0.28000,
,,,0.000099120000,   0.28000,
,,,0.000099130000,   0.28000,
,,,0.000099140000,   0.28000,
,,,0.000099150000,   0.28000,
,,,0.000099160000,   0.12000,
,,,0.000099170000,   0.28000,
,,,0.000099180000,   0.28000,
,,,0.000099190000,   0.28000,
,,,0.000099200000,   0.28000,
,,,0.000099210000,   0.28000,
,,,0.000099220000,   0.28000,
,,,0.000099230000,   0.28000,
,,,0.000099240000,   0.28000,
,,,0.000099250000,   0.28000,
,,,0.000099260000,   0.28000,
,,,0.000099270000,   0.12000,
,,,0.000099280000,   0.28000,
,,,0.000099290000,   0.12000,
,,,0.000099300000,   0.28000,
,,,0.000099310000,   0.28000,
,,,0.000099320000,   0.28000,
,,,0.000099330000,   0.12000,
,,,0.000099340000,   0.28000,
,,,0.000099350000,   0.12000,
,,,0.000099360000,   0.28000,
,,,0.000099370000,   0.28000,
,,,0.000099380000,   0.28000,
,,,0.000099390000,   0.28000,
,,,0.000099400000,   0.28000,
,,,0.000099410000,   0.28000,
,,,0.000099420000,   0.28000,
,,,0.000099430000,   0.28000,
,,,0.000099440000,   0.28000,
,,,0.000099450000,   0.28000,
,,,0.000099460000,   0.28000,
,,,0.000099470000,   0.28000,
,,,0.000099480000,   0.28000,
,,,0.000099490000,   0.12000,
,,,0.000099500000,   0.28000,
,,,0.000099510000,   0.28000,
,,,0.000099520000,   0.28000,
,,,0.000099530000,   0.12000,
,,,0.000099540000,   0.28000,
,,,0.000099550000,   0.28000,
,,,0.000099560000,   0.28000,
,,,0.000099570000,   0.28000,
,,,0.000099580000,   0.28000,
,,,0.000099590000,   0.28000,
,,,0.000099600000,   0.28000,
,,,0.000099610000,   0.12000,
,,,0.000099620000,   0.28000,
,,,0.000099630000,   0.28000,
,,,0.000099640000,   0.28000,
,,,0.000099650000,   0.28000,
,,,0.000099660000,   0.28000,
,,,0.000099670000,   0.28000,
,,,0.000099680000,   0.28000,
,,,0.000099690000,   0.28000,
,,,0.000099700000,   0.28000,
,,,0.000099710000,   0.28000,
,,,0.000099720000,   0.28000,
,,,0.000099730000,   0.28000,
,,,0.000099740000,   0.28000,
,,,0.000099750000,   0.28000,
,,,0.000099760000,   0.12000,
,,,0.000099770000,   0.28000,
,,,0.000099780000,   0.28000,
,,,0.000099790000,   0.28000,
,,,0.000099800000,   0.28000,
,,,0.000099810000,   0.28000,
,,,0.000099820000,   0.28000,
,,,0.000099830000,   0.28000,
,,,0.000099840000,   0.28000,
,,,0.000099850000,   0.28000,
,,,0.000099860000,   0.28000,
,,,0.000099870000,   0.28000,
,,,0.000099880000,   0.28000,
,,,0.000099890000,   0.28000,
,,,0.000099900000,   0.28000,
,,,0.000099910000,   0.28000,
,,,0.000099920000,   0.12000,
,,,0.000099930000,   0.28000,
,,,0.000099940000,   0.28000,
,,,0.000099950000,   0.28000,
,,,0.000099960000,   0.28000,
,,,0.000099970000,   0.28000,
,,,0.000099980000,   0.28000,
,,,0.000099990000,   0.28000,
,,,0.000100000000,   0.28000,
,,,0.000100010000,   0.28000,
,,,0.000100020000,   0.28000,
,,,0.000100030000,   0.28000,
,,,0.000100040000,   0.28000,
,,,0.000100050000,   0.28000,
,,,0.000100060000,   0.28000,
,,,0.000100070000,   0.28000,
,,,0.000100080000,   0.28000,
,,,0.000100090000,   0.28000,
,,,0.000100100000,   0.28000,
,,,0.000100110000,   0.28000,
,,,0.000100120000,   0.28000,
,,,0.000100130000,   0.28000,
,,,0.000100140000,   0.28000,
,,,0.000100150000,   0.28000,
,,,0.000100160000,   0.12000,
,,,0.000100170000,   0.28000,
,,,0.000100180000,   0.28000,
,,,0.000100190000,   0.12000,
,,,0.000100200000,   0.12000,
,,,0.000100210000,   0.28000,
,,,0.000100220000,   0.28000,
,,,0.000100230000,   0.28000,
,,,0.000100240000,   0.28000,
,,,0.000100250000,   0.28000,
,,,0.000100260000,   0.28000,
,,,0.000100270000,   0.28000,
,,,0.000100280000,   0.28000,
,,,0.000100290000,   0.28000,
,,,0.000100300000,   0.28000,
,,,0.000100310000,   0.28000,
,,,0.000100320000,   0.12000,
,,,0.000100330000,   0.28000,
,,,0.000100340000,   0.28000,
,,,0.000100350000,   0.28000,
,,,0.000100360000,   0.28000,
,,,0.000100370000,   0.28000,
,,,0.000100380000,   0.12000,
,,,0.000100390000,   0.28000,
,,,0.000100400000,   0.28000,
,,,0.000100410000,   0.28000,
,,,0.000100420000,   0.28000,
,,,0.000100430000,   0.28000,
,,,0.000100440000,   0.28000,
,,,0.000100450000,   0.28000,
,,,0.000100460000,   0.28000,
,,,0.000100470000,   0.28000,
,,,0.000100480000,   0.28000,
,,,0.000100490000,   0.28000,
,,,0.000100500000,   0.12000,
,,,0.000100510000,   0.28000,
,,,0.000100520000,   0.12000,
,,,0.000100530000,   0.28000,
,,,0.000100540000,   0.28000,
,,,0.000100550000,   0.28000,
,,,0.000100560000,   0.28000,
,,,0.000100570000,   0.28000,
,,,0.000100580000,   0.28000,
,,,0.000100590000,   0.28000,
,,,0.000100600000,   0.28000,
,,,0.000100610000,   0.28000,
,,,0.000100620000,   0.28000,
,,,0.000100630000,   0.28000,
,,,0.000100640000,   0.28000,
,,,0.000100650000,   0.12000,
,,,0.000100660000,   0.28000,
,,,0.000100670000,   0.28000,
,,,0.000100680000,   0.12000,
,,,0.000100690000,   0.28000,
,,,0.000100700000,   0.12000,
,,,0.000100710000,   0.28000,
,,,0.000100720000,   0.28000,
,,,0.000100730000,   0.28000,
,,,0.000100740000,   0.28000,
,,,0.000100750000,   0.28000,
,,,0.000100760000,   0.28000,
,,,0.000100770000,   0.28000,
,,,0.000100780000,   0.12000,
,,,0.000100790000,   0.28000,
,,,0.000100800000,   0.28000,
,,,0.000100810000,   0.28000,
,,,0.000100820000,   0.28000,
,,,0.000100830000,   0.28000,
,,,0.000100840000,   0.28000,
,,,0.000100850000,   0.28000,
,,,0.000100860000,   0.28000,
,,,0.000100870000,   0.28000,
,,,0.000100880000,   0.28000,
,,,0.000100890000,   0.28000,
,,,0.000100900000,   0.28000,
,,,0.000100910000,   0.28000,
,,,0.000100920000,   0.28000,
,,,0.000100930000,   0.28000,
,,,0.000100940000,   0.28000,
,,,0.000100950000,   0.28000,
,,,0.000100960000,   0.28000,
,,,0.000100970000,   0.28000,
,,,0.000100980000,   0.12000,
,,,0.000100990000,   0.28000,
,,,0.000101000000,   0.28000,
,,,0.000101010000,   0.28000,
,,,0.000101020000,   0.28000,
,,,0.000101030000,   0.28000,
,,,0.000101040000,   0.28000,
,,,0.000101050000,   0.28000,
,,,0.000101060000,   0.28000,
,,,0.000101070000,   0.28000,
,,,0.000101080000,   0.28000,
,,,0.000101090000,   0.28000,
,,,0.000101100000,   0.28000,
,,,0.000101110000,   0.28000,
,,,0.000101120000,   0.28000,
,,,0.000101130000,   0.28000,
,,,0.000101140000,   0.28000,
,,,0.000101150000,   0.12000,
,,,0.000101160000,   0.28000,
,,,0.000101170000,   0.28000,
,,,0.000101180000,   0.28000,
,,,0.000101190000,   0.28000,
,,,0.000101200000,   0.28000,
,,,0.000101210000,   0.28000,
,,,0.000101220000,   0.28000,
,,,0.000101230000,   0.28000,
,,,0.000101240000,   0.28000,
,,,0.000101250000,   0.28000,
,,,0.000101260000,   0.28000,
,,,0.000101270000,   0.28000,
,,,0.000101280000,   0.28000,
,,,0.000101290000,   0.28000,
,,,0.000101300000,   0.28000,
,,,0.000101310000,   0.28000,
,,,0.000101320000,   0.28000,
,,,0.000101330000,   0.28000,
,,,0.000101340000,   0.28000,
,,,0.000101350000,   0.28000,
,,,0.000101360000,   0.12000,
,,,0.000101370000,   0.28000,
,,,0.000101380000,   0.28000,
,,,0.000101390000,   0.28000,
,,,0.000101400000,   0.28000,
,,,0.000101410000,   0.28000,
,,,0.000101420000,   0.28000,
,,,0.000101430000,   0.28000,
,,,0.000101440000,   0.28000,
,,,0.000101450000,   0.28000,
,,,0.000101460000,   0.28000,
,,,0.000101470000,   0.28000,
,,,0.000101480000,   0.28000,
,,,0.000101490000,   0.28000,
,,,0.000101500000,   0.28000,
,,,0.000101510000,   0.28000,
,,,0.000101520000,   0.28000,
,,,0.000101530000,   0.28000,
,,,0.000101540000,   0.28000,
,,,0.000101550000,   0.28000,
,,,0.000101560000,   0.28000,
,,,0.000101570000,   0.28000,
,,,0.000101580000,   0.28000,
,,,0.000101590000,   0.28000,
,,,0.000101600000,   0.28000,
,,,0.000101610000,   0.28000,
,,,0.000101620000,   0.28000,
,,,0.000101630000,   0.28000,
,,,0.000101640000,   0.28000,
,,,0.000101650000,   0.28000,
,,,0.000101660000,   0.28000,
,,,0.000101670000,   0.28000,
,,,0.000101680000,   0.12000,
,,,0.000101690000,   0.28000,
,,,0.000101700000,   0.28000,
,,,0.000101710000,   0.28000,
,,,0.000101720000,   0.28000,
,,,0.000101730000,   0.28000,
,,,0.000101740000,   0.28000,
,,,0.000101750000,   0.28000,
,,,0.000101760000,   0.28000,
,,,0.000101770000,   0.28000,
,,,0.000101780000,   0.28000,
,,,0.000101790000,   0.28000,
,,,0.000101800000,   0.28000,
,,,0.000101810000,   0.28000,
,,,0.000101820000,   0.28000,
,,,0.000101830000,   0.28000,
,,,0.000101840000,   0.12000,
,,,0.000101850000,   0.28000,
,,,0.000101860000,   0.28000,
,,,0.000101870000,   0.28000,
,,,0.000101880000,   0.28000,
,,,0.000101890000,   0.28000,
,,,0.000101900000,   0.28000,
,,,0.000101910000,   0.28000,
,,,0.000101920000,   0.12000,
,,,0.000101930000,   0.28000,
,,,0.000101940000,   0.28000,
,,,0.000101950000,   0.28000,
,,,0.000101960000,   0.28000,
,,,0.000101970000,   0.28000,
,,,0.000101980000,   0.28000,
,,,0.000101990000,   0.28000,
,,,0.000102000000,   0.28000,
,,,0.000102010000,   0.28000,
,,,0.000102020000,   0.28000,
,,,0.000102030000,   0.28000,
,,,0.000102040000,   0.28000,
,,,0.000102050000,   0.28000,
,,,0.000102060000,   0.28000,
,,,0.000102070000,   0.28000,
,,,0.000102080000,   0.28000,
,,,0.000102090000,   0.28000,
,,,0.000102100000,   0.28000,
,,,0.000102110000,   0.28000,
,,,0.000102120000,   0.12000,
,,,0.000102130000,   0.28000,
,,,0.000102140000,   0.28000,
,,,0.000102150000,   0.28000,
,,,0.000102160000,   0.28000,
,,,0.000102170000,   0.28000,
,,,0.000102180000,   0.28000,
,,,0.000102190000,   0.28000,
,,,0.000102200000,   0.28000,
,,,0.000102210000,   0.28000,
,,,0.000102220000,   0.12000,
,,,0.000102230000,   0.28000,
,,,0.000102240000,   0.28000,
,,,0.000102250000,   0.28000,
,,,0.000102260000,   0.28000,
,,,0.000102270000,   0.28000,
,,,0.000102280000,   0.28000,
,,,0.000102290000,   0.28000,
,,,0.000102300000,   0.28000,
,,,0.000102310000,   0.28000,
,,,0.000102320000,   0.12000,
,,,0.000102330000,   0.12000,
,,,0.000102340000,   0.28000,
,,,0.000102350000,   0.28000,
,,,0.000102360000,   0.28000,
,,,0.000102370000,   0.28000,
,,,0.000102380000,   0.28000,
,,,0.000102390000,   0.28000,
,,,0.000102400000,   0.28000,
,,,0.000102410000,   0.28000,
,,,0.000102420000,   0.28000,
,,,0.000102430000,   0.28000,
,,,0.000102440000,   0.28000,
,,,0.000102450000,   0.28000,
,,,0.000102460000,   0.28000,
,,,0.000102470000,   0.28000,
,,,0.000102480000,   0.12000,
,,,0.000102490000,   0.28000,
,,,0.000102500000,   0.12000,
,,,0.000102510000,   0.28000,
,,,0.000102520000,   0.28000,
,,,0.000102530000,   0.28000,
,,,0.000102540000,   0.28000,
,,,0.000102550000,   0.28000,
,,,0.000102560000,   0.28000,
,,,0.000102570000,   0.28000,
,,,0.000102580000,   0.28000,
,,,0.000102590000,   0.28000,
,,,0.000102600000,   0.28000,
,,,0.000102610000,   0.28000,
,,,0.000102620000,   0.28000,
,,,0.000102630000,   0.28000,
,,,0.000102640000,   0.28000,
,,,0.000102650000,   0.28000,
,,,0.000102660000,   0.28000,
,,,0.000102670000,   0.28000,
,,,0.000102680000,   0.28000,
,,,0.000102690000,   0.28000,
,,,0.000102700000,   0.28000,
,,,0.000102710000,   0.28000,
,,,0.000102720000,   0.28000,
,,,0.000102730000,   0.28000,
,,,0.000102740000,   0.28000,
,,,0.000102750000,   0.28000,
,,,0.000102760000,   0.28000,
,,,0.000102770000,   0.28000,
,,,0.000102780000,   0.12000,
,,,0.000102790000,   0.28000,
,,,0.000102800000,   0.28000,
,,,0.000102810000,   0.28000,
,,,0.000102820000,   0.28000,
,,,0.000102830000,   0.28000,
,,,0.000102840000,   0.28000,
,,,0.000102850000,   0.28000,
,,,0.000102860000,   0.28000,
,,,0.000102870000,   0.28000,
,,,0.000102880000,   0.28000,
,,,0.000102890000,   0.28000,
,,,0.000102900000,   0.28000,
,,,0.000102910000,   0.28000,
,,,0.000102920000,   0.28000,
,,,0.000102930000,   0.28000,
,,,0.000102940000,   0.28000,
,,,0.000102950000,   0.28000,
,,,0.000102960000,   0.28000,
,,,0.000102970000,   0.28000,
,,,0.000102980000,   0.28000,
,,,0.000102990000,   0.28000,
,,,0.000103000000,   0.28000,
,,,0.000103010000,   0.28000,
,,,0.000103020000,   0.28000,
,,,0.000103030000,   0.28000,
,,,0.000103040000,   0.28000,
,,,0.000103050000,   0.28000,
,,,0.000103060000,   0.28000,
,,,0.000103070000,   0.28000,
,,,0.000103080000,   0.28000,
,,,0.000103090000,   0.28000,
,,,0.000103100000,   0.28000,
,,,0.000103110000,   0.28000,
,,,0.000103120000,   0.28000,
,,,0.000103130000,   0.28000,
,,,0.000103140000,   0.28000,
,,,0.000103150000,   0.28000,
,,,0.000103160000,   0.28000,
,,,0.000103170000,   0.28000,
,,,0.000103180000,   0.28000,
,,,0.000103190000,   0.28000,
,,,0.000103200000,   0.28000,
,,,0.000103210000,   0.12000,
,,,0.000103220000,   0.28000,
,,,0.000103230000,   0.28000,
,,,0.000103240000,   0.28000,
,,,0.000103250000,   0.28000,
,,,0.000103260000,   0.12000,
,,,0.000103270000,   0.28000,
,,,0.000103280000,   0.28000,
,,,0.000103290000,   0.28000,
,,,0.000103300000,   0.28000,
,,,0.000103310000,   0.28000,
,,,0.000103320000,   0.28000,
,,,0.000103330000,   0.28000,
,,,0.000103340000,   0.28000,
,,,0.000103350000,   0.28000,
,,,0.000103360000,   0.28000,
,,,0.000103370000,   0.28000,
,,,0.000103380000,   0.28000,
,,,0.000103390000,   0.12000,
,,,0.000103400000,   0.28000,
,,,0.000103410000,   0.28000,
,,,0.000103420000,   0.28000,
,,,0.000103430000,   0.28000,
,,,0.000103440000,   0.28000,
,,,0.000103450000,   0.28000,
,,,0.000103460000,   0.28000,
,,,0.000103470000,   0.28000,
,,,0.000103480000,   0.28000,
,,,0.000103490000,   0.28000,
,,,0.000103500000,   0.28000,
,,,0.000103510000,   0.28000,
,,,0.000103520000,   0.12000,
,,,0.000103530000,   0.28000,
,,,0.000103540000,   0.28000,
,,,0.000103550000,   0.28000,
,,,0.000103560000,   0.28000,
,,,0.000103570000,   0.28000,
,,,0.000103580000,   0.28000,
,,,0.000103590000,   0.28000,
,,,0.000103600000,   0.28000,
,,,0.000103610000,   0.28000,
,,,0.000103620000,   0.28000,
,,,0.000103630000,   0.28000,
,,,0.000103640000,   0.28000,
,,,0.000103650000,   0.28000,
,,,0.000103660000,   0.28000,
,,,0.000103670000,   0.28000,
,,,0.000103680000,   0.28000,
,,,0.000103690000,   0.28000,
,,,0.000103700000,   0.28000,
,,,0.000103710000,   0.28000,
,,,0.000103720000,   0.28000,
,,,0.000103730000,   0.28000,
,,,0.000103740000,   0.28000,
,,,0.000103750000,   0.12000,
,,,0.000103760000,   0.28000,
,,,0.000103770000,   0.12000,
,,,0.000103780000,   0.28000,
,,,0.000103790000,   0.28000,
,,,0.000103800000,   0.28000,
,,,0.000103810000,   0.28000,
,,,0.000103820000,   0.28000,
,,,0.000103830000,   0.28000,
,,,0.000103840000,   0.28000,
,,,0.000103850000,   0.28000,
,,,0.000103860000,   0.28000,
,,,0.000103870000,   0.28000,
,,,0.000103880000,   0.12000,
,,,0.000103890000,   0.28000,
,,,0.000103900000,   0.28000,
,,,0.000103910000,   0.28000,
,,,0.000103920000,   0.28000,
,,,0.000103930000,   0.28000,
,,,0.000103940000,   0.28000,
,,,0.000103950000,   0.28000,
,,,0.000103960000,   0.28000,
,,,0.000103970000,   0.28000,
,,,0.000103980000,   0.28000,
,,,0.000103990000,   0.28000,
,,,0.000104000000,   0.28000,
,,,0.000104010000,   0.28000,
,,,0.000104020000,   0.28000,
,,,0.000104030000,   0.28000,
,,,0.000104040000,   0.28000,
,,,0.000104050000,   0.28000,
,,,0.000104060000,   0.28000,
,,,0.000104070000,   0.28000,
,,,0.000104080000,   0.28000,
,,,0.000104090000,   0.28000,
,,,0.000104100000,   0.12000,
,,,0.000104110000,   0.28000,
,,,0.000104120000,   0.12000,
,,,0.000104130000,   0.12000,
,,,0.000104140000,   0.28000,
,,,0.000104150000,   0.12000,
,,,0.000104160000,   0.28000,
,,,0.000104170000,   0.28000,
,,,0.000104180000,   0.28000,
,,,0.000104190000,   0.28000,
,,,0.000104200000,   0.28000,
,,,0.000104210000,   0.28000,
,,,0.000104220000,   0.28000,
,,,0.000104230000,   0.12000,
,,,0.000104240000,   0.28000,
,,,0.000104250000,   0.28000,
,,,0.000104260000,   0.28000,
,,,0.000104270000,   0.12000,
,,,0.000104280000,   0.28000,
,,,0.000104290000,   0.28000,
,,,0.000104300000,   0.28000,
,,,0.000104310000,   0.28000,
,,,0.000104320000,   0.28000,
,,,0.000104330000,   0.28000,
,,,0.000104340000,   0.28000,
,,,0.000104350000,   0.28000,
,,,0.000104360000,   0.28000,
,,,0.000104370000,   0.28000,
,,,0.000104380000,   0.28000,
,,,0.000104390000,   0.28000,
,,,0.000104400000,   0.28000,
,,,0.000104410000,   0.28000,
,,,0.000104420000,   0.28000,
,,,0.000104430000,   0.12000,
,,,0.000104440000,   0.28000,
,,,0.000104450000,   0.28000,
,,,0.000104460000,   0.12000,
,,,0.000104470000,   0.28000,
,,,0.000104480000,   0.28000,
,,,0.000104490000,   0.28000,
,,,0.000104500000,   0.28000,
,,,0.000104510000,   0.28000,
,,,0.000104520000,   0.28000,
,,,0.000104530000,   0.28000,
,,,0.000104540000,   0.28000,
,,,0.000104550000,   0.28000,
,,,0.000104560000,   0.28000,
,,,0.000104570000,   0.28000,
,,,0.000104580000,   0.28000,
,,,0.000104590000,   0.28000,
,,,0.000104600000,   0.28000,
,,,0.000104610000,   0.12000,
,,,0.000104620000,   0.28000,
,,,0.000104630000,   0.28000,
,,,0.000104640000,   0.28000,
,,,0.000104650000,   0.28000,
,,,0.000104660000,   0.12000,
,,,0.000104670000,   0.28000,
,,,0.000104680000,   0.28000,
,,,0.000104690000,   0.28000,
,,,0.000104700000,   0.28000,
,,,0.000104710000,   0.28000,
,,,0.000104720000,   0.28000,
,,,0.000104730000,   0.28000,
,,,0.000104740000,   0.28000,
,,,0.000104750000,   0.28000,
,,,0.000104760000,   0.28000,
,,,0.000104770000,   0.28000,
,,,0.000104780000,   0.28000,
,,,0.000104790000,   0.28000,
,,,0.000104800000,   0.28000,
,,,0.000104810000,   0.28000,
,,,0.000104820000,   0.28000,
,,,0.000104830000,   0.28000,
,,,0.000104840000,   0.28000,
,,,0.000104850000,   0.28000,
,,,0.000104860000,   0.28000,
,,,0.000104870000,   0.28000,
,,,0.000104880000,   0.28000,
,,,0.000104890000,   0.12000,
,,,0.000104900000,   0.28000,
,,,0.000104910000,   0.28000,
,,,0.000104920000,   0.12000,
,,,0.000104930000,   0.28000,
,,,0.000104940000,   0.28000,
,,,0.000104950000,   0.28000,
,,,0.000104960000,   0.28000,
,,,0.000104970000,   0.28000,
,,,0.000104980000,   0.28000,
,,,0.000104990000,   0.28000,
,,,0.000105000000,   0.28000,
,,,0.000105010000,   0.28000,
,,,0.000105020000,   0.28000,
,,,0.000105030000,   0.28000,
,,,0.000105040000,   0.28000,
,,,0.000105050000,   0.28000,
,,,0.000105060000,   0.28000,
,,,0.000105070000,   0.28000,
,,,0.000105080000,   0.28000,
,,,0.000105090000,   0.28000,
,,,0.000105100000,   0.28000,
,,,0.000105110000,   0.28000,
,,,0.000105120000,   0.28000,
,,,0.000105130000,   0.28000,
,,,0.000105140000,   0.28000,
,,,0.000105150000,   0.28000,
,,,0.000105160000,   0.28000,
,,,0.000105170000,   0.28000,
,,,0.000105180000,   0.28000,
,,,0.000105190000,   0.28000,
,,,0.000105200000,   0.28000,
,,,0.000105210000,   0.28000,
,,,0.000105220000,   0.28000,
,,,0.000105230000,   0.28000,
,,,0.000105240000,   0.28000,
,,,0.000105250000,   0.28000,
,,,0.000105260000,   0.28000,
,,,0.000105270000,   0.28000,
,,,0.000105280000,   0.28000,
,,,0.000105290000,   0.28000,
,,,0.000105300000,   0.28000,
,,,0.000105310000,   0.28000,
,,,0.000105320000,   0.12000,
,,,0.000105330000,   0.28000,
,,,0.000105340000,   0.28000,
,,,0.000105350000,   0.28000,
,,,0.000105360000,   0.12000,
,,,0.000105370000,   0.28000,
,,,0.000105380000,   0.28000,
,,,0.000105390000,   0.28000,
,,,0.000105400000,   0.28000,
,,,0.000105410000,   0.28000,
,,,0.000105420000,   0.28000,
,,,0.000105430000,   0.28000,
,,,0.000105440000,   0.28000,
,,,0.000105450000,   0.28000,
,,,0.000105460000,   0.28000,
,,,0.000105470000,   0.28000,
,,,0.000105480000,   0.28000,
,,,0.000105490000,   0.28000,
,,,0.000105500000,   0.28000,
,,,0.000105510000,   0.28000,
,,,0.000105520000,   0.28000,
,,,0.000105530000,   0.28000,
,,,0.000105540000,   0.28000,
,,,0.000105550000,   0.28000,
,,,0.000105560000,   0.28000,
,,,0.000105570000,   0.28000,
,,,0.000105580000,   0.28000,
,,,0.000105590000,   0.28000,
,,,0.000105600000,   0.28000,
,,,0.000105610000,   0.28000,
,,,0.000105620000,   0.28000,
,,,0.000105630000,   0.28000,
,,,0.000105640000,   0.28000,
,,,0.000105650000,   0.28000,
,,,0.000105660000,   0.28000,
,,,0.000105670000,   0.28000,
,,,0.000105680000,   0.28000,
,,,0.000105690000,   0.28000,
,,,0.000105700000,   0.12000,
,,,0.000105710000,   0.28000,
,,,0.000105720000,   0.28000,
,,,0.000105730000,   0.28000,
,,,0.000105740000,   0.28000,
,,,0.000105750000,   0.28000,
,,,0.000105760000,   0.28000,
,,,0.000105770000,   0.28000,
,,,0.000105780000,   0.28000,
,,,0.000105790000,   0.28000,
,,,0.000105800000,   0.28000,
,,,0.000105810000,   0.28000,
,,,0.000105820000,   0.28000,
,,,0.000105830000,   0.28000,
,,,0.000105840000,   0.28000,
,,,0.000105850000,   0.28000,
,,,0.000105860000,   0.28000,
,,,0.000105870000,   0.28000,
,,,0.000105880000,   0.12000,
,,,0.000105890000,   0.28000,
,,,0.000105900000,   0.12000,
,,,0.000105910000,   0.12000,
,,,0.000105920000,   0.28000,
,,,0.000105930000,   0.28000,
,,,0.000105940000,   0.28000,
,,,0.000105950000,   0.28000,
,,,0.000105960000,   0.28000,
,,,0.000105970000,   0.28000,
,,,0.000105980000,   0.28000,
,,,0.000105990000,   0.28000,
,,,0.000106000000,   0.28000,
,,,0.000106010000,   0.28000,
,,,0.000106020000,   0.28000,
,,,0.000106030000,   0.28000,
,,,0.000106040000,   0.28000,
,,,0.000106050000,   0.28000,
,,,0.000106060000,   0.28000,
,,,0.000106070000,   0.28000,
,,,0.000106080000,   0.28000,
,,,0.000106090000,   0.28000,
,,,0.000106100000,   0.28000,
,,,0.000106110000,   0.28000,
,,,0.000106120000,   0.28000,
,,,0.000106130000,   0.12000,
,,,0.000106140000,   0.28000,
,,,0.000106150000,   0.28000,
,,,0.000106160000,   0.28000,
,,,0.000106170000,   0.28000,
,,,0.000106180000,   0.28000,
,,,0.000106190000,   0.28000,
,,,0.000106200000,   0.28000,
,,,0.000106210000,   0.28000,
,,,0.000106220000,   0.28000,
,,,0.000106230000,   0.28000,
,,,0.000106240000,   0.28000,
,,,0.000106250000,   0.28000,
,,,0.000106260000,   0.28000,
,,,0.000106270000,   0.28000,
,,,0.000106280000,   0.28000,
,,,0.000106290000,   0.28000,
,,,0.000106300000,   0.28000,
,,,0.000106310000,   0.28000,
,,,0.000106320000,   0.28000,
,,,0.000106330000,   0.28000,
,,,0.000106340000,   0.28000,
,,,0.000106350000,   0.28000,
,,,0.000106360000,   0.28000,
,,,0.000106370000,   0.28000,
,,,0.000106380000,   0.28000,
,,,0.000106390000,   0.28000,
,,,0.000106400000,   0.28000,
,,,0.000106410000,   0.28000,
,,,0.000106420000,   0.28000,
,,,0.000106430000,   0.28000,
,,,0.000106440000,   0.28000,
,,,0.000106450000,   0.28000,
,,,0.000106460000,   0.12000,
,,,0.000106470000,   0.28000,
,,,0.000106480000,   0.28000,
,,,0.000106490000,   0.12000,
,,,0.000106500000,   0.28000,
,,,0.000106510000,   0.28000,
,,,0.000106520000,   0.28000,
,,,0.000106530000,   0.28000,
,,,0.000106540000,   0.28000,
,,,0.000106550000,   0.28000,
,,,0.000106560000,   0.28000,
,,,0.000106570000,   0.28000,
,,,0.000106580000,   0.28000,
,,,0.000106590000,   0.28000,
,,,0.000106600000,   0.28000,
,,,0.000106610000,   0.28000,
,,,0.000106620000,   0.28000,
,,,0.000106630000,   0.28000,
,,,0.000106640000,   0.12000,
,,,0.000106650000,   0.28000,
,,,0.000106660000,   0.28000,
,,,0.000106670000,   0.28000,
,,,0.000106680000,   0.12000,
,,,0.000106690000,   0.12000,
,,,0.000106700000,   0.28000,
,,,0.000106710000,   0.28000,
,,,0.000106720000,   0.12000,
,,,0.000106730000,   0.28000,
,,,0.000106740000,   0.12000,
,,,0.000106750000,   0.28000,
,,,0.000106760000,   0.28000,
,,,0.000106770000,   0.28000,
,,,0.000106780000,   0.28000,
,,,0.000106790000,   0.28000,
,,,0.000106800000,   0.28000,
,,,0.000106810000,   0.28000,
,,,0.000106820000,   0.28000,
,,,0.000106830000,   0.28000,
,,,0.000106840000,   0.28000,
,,,0.000106850000,   0.28000,
,,,0.000106860000,   0.28000,
,,,0.000106870000,   0.28000,
,,,0.000106880000,   0.28000,
,,,0.000106890000,   0.12000,
,,,0.000106900000,   0.12000,
,,,0.000106910000,   0.12000,
,,,0.000106920000,   0.08000,
,,,0.000106930000,   0.08000,
,,,0.000106940000,   0.08000,
,,,0.000106950000,   0.08000,
,,,0.000106960000,   0.04000,
,,,0.000106970000,   0.04000,
,,,0.000106980000,   0.04000,
,,,0.000106990000,   0.00000,
,,,0.000107000000,   0.00000,
,,,0.000107010000,   0.00000,
,,,0.000107020000,   0.00000,
,,,0.000107030000,   0.00000,
,,,0.000107040000,   0.00000,
,,,0.000107050000,   0.00000,
,,,0.000107060000,   0.00000,
,,,0.000107070000,   0.00000,
,,,0.000107080000,   0.00000,
,,,0.000107090000,   0.00000,
,,,0.000107100000,   0.00000,
,,,0.000107110000,   0.00000,
,,,0.000107120000,   0.00000,
,,,0.000107130000,   0.00000,
,,,0.000107140000,   0.00000,
,,,0.000107150000,   0.00000,
,,,0.000107160000,   0.04000,
,,,0.000107170000,   0.04000,
,,,0.000107180000,   0.08000,
,,,0.000107190000,   0.08000,
,,,0.000107200000,   0.08000,
,,,0.000107210000,   0.08000,
,,,0.000107220000,   0.08000,
,,,0.000107230000,   0.12000,
,,,0.000107240000,   0.12000,
,,,0.000107250000,   0.16000,
,,,0.000107260000,   0.20000,
,,,0.000107270000,   0.20000,
,,,0.000107280000,   0.20000,
,,,0.000107290000,   0.28000,
,,,0.000107300000,   0.28000,
,,,0.000107310000,   0.28000,
,,,0.000107320000,   0.36000,
,,,0.000107330000,   0.36000,
,,,0.000107340000,   0.44000,
,,,0.000107350000,   0.44000,
,,,0.000107360000,   0.52000,
,,,0.000107370000,   0.52000,
,,,0.000107380000,   0.60000,
,,,0.000107390000,   0.60000,
,,,0.000107400000,   0.68000,
,,,0.000107410000,   0.68000,
,,,0.000107420000,   0.76000,
,,,0.000107430000,   0.76000,
,,,0.000107440000,   0.80000,
,,,0.000107450000,   0.80000,
,,,0.000107460000,   0.92000,
,,,0.000107470000,   0.96000,
,,,0.000107480000,   1.00000,
,,,0.000107490000,   1.04000,
,,,0.000107500000,   1.12000,
,,,0.000107510000,   1.08000,
,,,0.000107520000,   1.12000,
,,,0.000107530000,   1.20000,
,,,0.000107540000,   1.20000,
,,,0.000107550000,   1.28000,
,,,0.000107560000,   1.32000,
,,,0.000107570000,   1.32000,
,,,0.000107580000,   1.32000,
,,,0.000107590000,   1.40000,
,,,0.000107600000,   1.40000,
,,,0.000107610000,   1.44000,
,,,0.000107620000,   1.52000,
,,,0.000107630000,   1.52000,
,,,0.000107640000,   1.52000,
,,,0.000107650000,   1.56000,
,,,0.000107660000,   1.56000,
,,,0.000107670000,   1.60000,
,,,0.000107680000,   1.68000,
,,,0.000107690000,   1.68000,
,,,0.000107700000,   1.72000,
,,,0.000107710000,   1.72000,
,,,0.000107720000,   1.72000,
,,,0.000107730000,   1.76000,
,,,0.000107740000,   1.80000,
,,,0.000107750000,   1.80000,
,,,0.000107760000,   1.88000,
,,,0.000107770000,   1.84000,
,,,0.000107780000,   1.84000,
,,,0.000107790000,   1.88000,
,,,0.000107800000,   1.92000,
,,,0.000107810000,   1.92000,
,,,0.000107820000,   2.00000,
,,,0.000107830000,   1.92000,
,,,0.000107840000,   2.00000,
,,,0.000107850000,   2.04000,
,,,0.000107860000,   2.04000,
,,,0.000107870000,   2.08000,
,,,0.000107880000,   2.12000,
,,,0.000107890000,   2.00000,
,,,0.000107900000,   2.08000,
,,,0.000107910000,   2.08000,
,,,0.000107920000,   2.00000,
,,,0.000107930000,   2.04000,
,,,0.000107940000,   2.04000,
,,,0.000107950000,   2.08000,
,,,0.000107960000,   1.96000,
,,,0.000107970000,   2.00000,
,,,0.000107980000,   1.84000,
,,,0.000107990000,   1.88000,
,,,0.000108000000,   1.88000,
,,,0.000108010000,   1.80000,
,,,0.000108020000,   1.80000,
,,,0.000108030000,   1.80000,
,,,0.000108040000,   1.68000,
,,,0.000108050000,   1.68000,
,,,0.000108060000,   1.68000,
,,,0.000108070000,   1.72000,
,,,0.000108080000,   1.72000,
,,,0.000108090000,   1.56000,
,,,0.000108100000,   1.60000,
,,,0.000108110000,   1.60000,
,,,0.000108120000,   1.60000,
,,,0.000108130000,   1.60000,
,,,0.000108140000,   1.64000,
,,,0.000108150000,   1.64000,
,,,0.000108160000,   1.48000,
,,,0.000108170000,   1.48000,
,,,0.000108180000,   1.48000,
,,,0.000108190000,   1.48000,
,,,0.000108200000,   1.52000,
,,,0.000108210000,   1.52000,
,,,0.000108220000,   1.52000,
,,,0.000108230000,   1.52000,
,,,0.000108240000,   1.36000,
,,,0.000108250000,   1.36000,
,,,0.000108260000,   1.36000,
,,,0.000108270000,   1.40000,
,,,0.000108280000,   1.40000,
,,,0.000108290000,   1.40000,
,,,0.000108300000,   1.40000,
,,,0.000108310000,   1.40000,
,,,0.000108320000,   1.40000,
,,,0.000108330000,   1.40000,
,,,0.000108340000,   1.24000,
,,,0.000108350000,   1.40000,
,,,0.000108360000,   1.24000,
,,,0.000108370000,   1.24000,
,,,0.000108380000,   1.24000,
,,,0.000108390000,   1.24000,
,,,0.000108400000,   1.24000,
,,,0.000108410000,   1.24000,
,,,0.000108420000,   1.24000,
,,,0.000108430000,   1.24000,
,,,0.000108440000,   1.24000,
,,,0.000108450000,   1.24000,
,,,0.000108460000,   1.24000,
,,,0.000108470000,   1.24000,
,,,0.000108480000,   1.24000,
,,,0.000108490000,   1.08000,
,,,0.000108500000,   1.24000,
,,,0.000108510000,   1.24000,
,,,0.000108520000,   1.08000,
,,,0.000108530000,   1.08000,
,,,0.000108540000,   1.08000,
,,,0.000108550000,   1.08000,
,,,0.000108560000,   1.08000,
,,,0.000108570000,   1.08000,
,,,0.000108580000,   1.08000,
,,,0.000108590000,   1.08000,
,,,0.000108600000,   1.08000,
,,,0.000108610000,   1.08000,
,,,0.000108620000,   1.08000,
,,,0.000108630000,   1.08000,
,,,0.000108640000,   1.08000,
,,,0.000108650000,   1.08000,
,,,0.000108660000,   1.08000,
,,,0.000108670000,   1.08000,
,,,0.000108680000,   1.12000,
,,,0.000108690000,   1.08000,
,,,0.000108700000,   1.08000,
,,,0.000108710000,   1.12000,
,,,0.000108720000,   0.92000,
,,,0.000108730000,   1.12000,
,,,0.000108740000,   1.12000,
,,,0.000108750000,   0.92000,
,,,0.000108760000,   1.12000,
,,,0.000108770000,   0.96000,
,,,0.000108780000,   0.96000,
,,,0.000108790000,   0.96000,
,,,0.000108800000,   0.92000,
,,,0.000108810000,   0.96000,
,,,0.000108820000,   0.96000,
,,,0.000108830000,   0.96000,
,,,0.000108840000,   0.96000,
,,,0.000108850000,   0.96000,
,,,0.000108860000,   0.96000,
,,,0.000108870000,   0.96000,
,,,0.000108880000,   0.96000,
,,,0.000108890000,   0.96000,
,,,0.000108900000,   0.92000,
,,,0.000108910000,   0.96000,
,,,0.000108920000,   0.96000,
,,,0.000108930000,   0.96000,
,,,0.000108940000,   0.96000,
,,,0.000108950000,   0.96000,
,,,0.000108960000,   0.96000,
,,,0.000108970000,   0.96000,
,,,0.000108980000,   0.96000,
,,,0.000108990000,   0.96000,
,,,0.000109000000,   0.96000,
,,,0.000109010000,   0.96000,
,,,0.000109020000,   0.96000,
,,,0.000109030000,   0.96000,
,,,0.000109040000,   0.96000,
,,,0.000109050000,   0.80000,
,,,0.000109060000,   0.80000,
,,,0.000109070000,   0.80000,
,,,0.000109080000,   0.80000,
,,,0.000109090000,   0.80000,
,,,0.000109100000,   0.80000,
,,,0.000109110000,   0.80000,
,,,0.000109120000,   0.80000,
,,,0.000109130000,   0.80000,
,,,0.000109140000,   0.80000,
,,,0.000109150000,   0.80000,
,,,0.000109160000,   0.80000,
,,,0.000109170000,   0.80000,
,,,0.000109180000,   0.80000,
,,,0.000109190000,   0.80000,
,,,0.000109200000,   0.80000,
,,,0.000109210000,   0.80000,
,,,0.000109220000,   0.80000,
,,,0.000109230000,   0.80000,
,,,0.000109240000,   0.80000,
,,,0.000109250000,   0.80000,
,,,0.000109260000,   0.80000,
,,,0.000109270000,   0.80000,
,,,0.000109280000,   0.80000,
,,,0.000109290000,   0.80000,
,,,0.000109300000,   0.80000,
,,,0.000109310000,   0.80000,
,,,0.000109320000,   0.80000,
,,,0.000109330000,   0.80000,
,,,0.000109340000,   0.80000,
,,,0.000109350000,   0.80000,
,,,0.000109360000,   0.80000,
,,,0.000109370000,   0.80000,
,,,0.000109380000,   0.64000,
,,,0.000109390000,   0.64000,
,,,0.000109400000,   0.80000,
,,,0.000109410000,   0.64000,
,,,0.000109420000,   0.64000,
,,,0.000109430000,   0.64000,
,,,0.000109440000,   0.64000,
,,,0.000109450000,   0.64000,
,,,0.000109460000,   0.64000,
,,,0.000109470000,   0.64000,
,,,0.000109480000,   0.64000,
,,,0.000109490000,   0.64000,
,,,0.000109500000,   0.64000,
,,,0.000109510000,   0.64000,
,,,0.000109520000,   0.64000,
,,,0.000109530000,   0.64000,
,,,0.000109540000,   0.64000,
,,,0.000109550000,   0.64000,
,,,0.000109560000,   0.64000,
,,,0.000109570000,   0.64000,
,,,0.000109580000,   0.64000,
,,,0.000109590000,   0.64000,
,,,0.000109600000,   0.64000,
,,,0.000109610000,   0.64000,
,,,0.000109620000,   0.64000,
,,,0.000109630000,   0.64000,
,,,0.000109640000,   0.64000,
,,,0.000109650000,   0.64000,
,,,0.000109660000,   0.64000,
,,,0.000109670000,   0.64000,
,,,0.000109680000,   0.64000,
,,,0.000109690000,   0.64000,
,,,0.000109700000,   0.64000,
,,,0.000109710000,   0.64000,
,,,0.000109720000,   0.64000,
,,,0.000109730000,   0.64000,
,,,0.000109740000,   0.64000,
,,,0.000109750000,   0.64000,
,,,0.000109760000,   0.48000,
,,,0.000109770000,   0.64000,
,,,0.000109780000,   0.48000,
,,,0.000109790000,   0.48000,
,,,0.000109800000,   0.64000,
,,,0.000109810000,   0.48000,
,,,0.000109820000,   0.48000,
,,,0.000109830000,   0.48000,
,,,0.000109840000,   0.48000,
,,,0.000109850000,   0.48000,
,,,0.000109860000,   0.48000,
,,,0.000109870000,   0.48000,
,,,0.000109880000,   0.48000,
,,,0.000109890000,   0.48000,
,,,0.000109900000,   0.48000,
,,,0.000109910000,   0.48000,
,,,0.000109920000,   0.48000,
,,,0.000109930000,   0.48000,
,,,0.000109940000,   0.48000,
,,,0.000109950000,   0.48000,
,,,0.000109960000,   0.48000,
,,,0.000109970000,   0.48000,
,,,0.000109980000,   0.48000,
,,,0.000109990000,   0.48000,
,,,0.000110000000,   0.48000,
,,,0.000110010000,   0.48000,
,,,0.000110020000,   0.48000,
,,,0.000110030000,   0.48000,
,,,0.000110040000,   0.48000,
,,,0.000110050000,   0.48000,
,,,0.000110060000,   0.48000,
,,,0.000110070000,   0.48000,
,,,0.000110080000,   0.48000,
,,,0.000110090000,   0.48000,
,,,0.000110100000,   0.48000,
,,,0.000110110000,   0.48000,
,,,0.000110120000,   0.48000,
,,,0.000110130000,   0.48000,
,,,0.000110140000,   0.48000,
,,,0.000110150000,   0.48000,
,,,0.000110160000,   0.48000,
,,,0.000110170000,   0.48000,
,,,0.000110180000,   0.48000,
,,,0.000110190000,   0.48000,
,,,0.000110200000,   0.48000,
,,,0.000110210000,   0.48000,
,,,0.000110220000,   0.32000,
,,,0.000110230000,   0.48000,
,,,0.000110240000,   0.32000,
,,,0.000110250000,   0.32000,
,,,0.000110260000,   0.48000,
,,,0.000110270000,   0.32000,
,,,0.000110280000,   0.32000,
,,,0.000110290000,   0.32000,
,,,0.000110300000,   0.32000,
,,,0.000110310000,   0.32000,
,,,0.000110320000,   0.32000,
,,,0.000110330000,   0.32000,
,,,0.000110340000,   0.32000,
,,,0.000110350000,   0.32000,
,,,0.000110360000,   0.32000,
,,,0.000110370000,   0.32000,
,,,0.000110380000,   0.32000,
,,,0.000110390000,   0.32000,
,,,0.000110400000,   0.32000,
,,,0.000110410000,   0.32000,
,,,0.000110420000,   0.32000,
,,,0.000110430000,   0.32000,
,,,0.000110440000,   0.32000,
,,,0.000110450000,   0.32000,
,,,0.000110460000,   0.32000,
,,,0.000110470000,   0.32000,
,,,0.000110480000,   0.32000,
,,,0.000110490000,   0.32000,
,,,0.000110500000,   0.32000,
,,,0.000110510000,   0.32000,
,,,0.000110520000,   0.32000,
,,,0.000110530000,   0.32000,
,,,0.000110540000,   0.32000,
,,,0.000110550000,   0.32000,
,,,0.000110560000,   0.32000,
,,,0.000110570000,   0.32000,
,,,0.000110580000,   0.32000,
,,,0.000110590000,   0.32000,
,,,0.000110600000,   0.32000,
,,,0.000110610000,   0.32000,
,,,0.000110620000,   0.32000,
,,,0.000110630000,   0.32000,
,,,0.000110640000,   0.32000,
,,,0.000110650000,   0.32000,
,,,0.000110660000,   0.32000,
,,,0.000110670000,   0.32000,
,,,0.000110680000,   0.32000,
,,,0.000110690000,   0.32000,
,,,0.000110700000,   0.32000,
,,,0.000110710000,   0.32000,
,,,0.000110720000,   0.32000,
,,,0.000110730000,   0.16000,
,,,0.000110740000,   0.32000,
,,,0.000110750000,   0.32000,
,,,0.000110760000,   0.32000,
,,,0.000110770000,   0.16000,
,,,0.000110780000,   0.16000,
,,,0.000110790000,   0.32000,
,,,0.000110800000,   0.16000,
,,,0.000110810000,   0.32000,
,,,0.000110820000,   0.32000,
,,,0.000110830000,   0.16000,
,,,0.000110840000,   0.32000,
,,,0.000110850000,   0.16000,
,,,0.000110860000,   0.16000,
,,,0.000110870000,   0.32000,
,,,0.000110880000,   0.16000,
,,,0.000110890000,   0.16000,
,,,0.000110900000,   0.16000,
,,,0.000110910000,   0.16000,
,,,0.000110920000,   0.16000,
,,,0.000110930000,   0.16000,
,,,0.000110940000,   0.16000,
,,,0.000110950000,   0.16000,
,,,0.000110960000,   0.16000,
,,,0.000110970000,   0.16000,
,,,0.000110980000,   0.16000,
,,,0.000110990000,   0.16000,
,,,0.000111000000,   0.16000,
,,,0.000111010000,   0.16000,
,,,0.000111020000,   0.16000,
,,,0.000111030000,   0.16000,
,,,0.000111040000,   0.16000,
,,,0.000111050000,   0.16000,
,,,0.000111060000,   0.16000,
,,,0.000111070000,   0.16000,
,,,0.000111080000,   0.16000,
,,,0.000111090000,   0.16000,
,,,0.000111100000,   0.16000,
,,,0.000111110000,   0.16000,
,,,0.000111120000,   0.16000,
,,,0.000111130000,   0.16000,
,,,0.000111140000,   0.16000,
,,,0.000111150000,   0.16000,
,,,0.000111160000,   0.16000,
,,,0.000111170000,   0.16000,
,,,0.000111180000,   0.16000,
,,,0.000111190000,   0.16000,
,,,0.000111200000,   0.16000,
,,,0.000111210000,   0.16000,
,,,0.000111220000,   0.16000,
,,,0.000111230000,   0.16000,
,,,0.000111240000,   0.16000,
,,,0.000111250000,   0.16000,
,,,0.000111260000,   0.16000,
,,,0.000111270000,   0.16000,
,,,0.000111280000,   0.16000,
,,,0.000111290000,   0.16000,
,,,0.000111300000,   0.16000,
,,,0.000111310000,   0.16000,
,,,0.000111320000,   0.16000,
,,,0.000111330000,   0.16000,
,,,0.000111340000,   0.16000,
,,,0.000111350000,   0.16000,
,,,0.000111360000,   0.16000,
,,,0.000111370000,   0.16000,
,,,0.000111380000,   0.16000,
,,,0.000111390000,   0.16000,
,,,0.000111400000,   0.16000,
,,,0.000111410000,   0.00000,
,,,0.000111420000,   0.16000,
,,,0.000111430000,   0.16000,
,,,0.000111440000,   0.16000,
,,,0.000111450000,   0.16000,
,,,0.000111460000,   0.00000,
,,,0.000111470000,   0.16000,
,,,0.000111480000,   0.16000,
,,,0.000111490000,   0.00000,
,,,0.000111500000,   0.00000,
,,,0.000111510000,   0.00000,
,,,0.000111520000,   0.16000,
,,,0.000111530000,   0.16000,
,,,0.000111540000,   0.00000,
,,,0.000111550000,   0.00000,
,,,0.000111560000,   0.00000,
,,,0.000111570000,   0.16000,
,,,0.000111580000,   0.00000,
,,,0.000111590000,   0.00000,
,,,0.000111600000,   0.00000,
,,,0.000111610000,   0.16000,
,,,0.000111620000,   0.00000,
,,,0.000111630000,   0.00000,
,,,0.000111640000,   0.00000,
,,,0.000111650000,   0.00000,
,,,0.000111660000,   0.00000,
,,,0.000111670000,   0.16000,
,,,0.000111680000,   0.00000,
,,,0.000111690000,   0.00000,
,,,0.000111700000,   0.00000,
,,,0.000111710000,   0.00000,
,,,0.000111720000,   0.00000,
,,,0.000111730000,   0.00000,
,,,0.000111740000,   0.00000,
,,,0.000111750000,   0.00000,
,,,0.000111760000,   0.00000,
,,,0.000111770000,   0.00000,
,,,0.000111780000,   0.00000,
,,,0.000111790000,   0.00000,
,,,0.000111800000,   0.00000,
,,,0.000111810000,   0.00000,
,,,0.000111820000,   0.00000,
,,,0.000111830000,   0.00000,
,,,0.000111840000,   0.00000,
,,,0.000111850000,   0.00000,
,,,0.000111860000,   0.00000,
,,,0.000111870000,   0.00000,
,,,0.000111880000,   0.00000,
,,,0.000111890000,   0.00000,
,,,0.000111900000,   0.00000,
,,,0.000111910000,   0.00000,
,,,0.000111920000,   0.00000,
,,,0.000111930000,   0.00000,
,,,0.000111940000,   0.00000,
,,,0.000111950000,   0.00000,
,,,0.000111960000,   0.00000,
,,,0.000111970000,   0.00000,
,,,0.000111980000,   0.00000,
,,,0.000111990000,   0.00000,
,,,0.000112000000,   0.00000,
,,,0.000112010000,   0.00000,
,,,0.000112020000,   0.00000,
,,,0.000112030000,   0.00000,
,,,0.000112040000,   0.00000,
,,,0.000112050000,   0.00000,
,,,0.000112060000,   0.00000,
,,,0.000112070000,   0.00000,
,,,0.000112080000,   0.00000,
,,,0.000112090000,   0.00000,
,,,0.000112100000,   0.00000,
,,,0.000112110000,   0.00000,
,,,0.000112120000,   0.00000,
,,,0.000112130000,   0.00000,
,,,0.000112140000,   0.00000,
,,,0.000112150000,   0.00000,
,,,0.000112160000,   0.00000,
,,,0.000112170000,   0.00000,
,,,0.000112180000,   0.00000,
,,,0.000112190000,   0.00000,
,,,0.000112200000,   0.00000,
,,,0.000112210000,   0.00000,
,,,0.000112220000,   0.00000,
,,,0.000112230000,   0.00000,
,,,0.000112240000,   0.00000,
,,,0.000112250000,   0.00000,
,,,0.000112260000,   0.00000,
,,,0.000112270000,   0.00000,
,,,0.000112280000,   0.00000,
,,,0.000112290000,   0.00000,
,,,0.000112300000,   0.00000,
,,,0.000112310000,   0.00000,
,,,0.000112320000,   0.00000,
,,,0.000112330000,   0.00000,
,,,0.000112340000,   0.00000,
,,,0.000112350000,   0.00000,
,,,0.000112360000,   0.00000,
,,,0.000112370000,   0.00000,
,,,0.000112380000,   0.00000,
,,,0.000112390000,   0.00000,
,,,0.000112400000,   0.00000,
,,,0.000112410000,   0.00000,
,,,0.000112420000,   0.00000,
,,,0.000112430000,   0.00000,
,,,0.000112440000,   0.00000,
,,,0.000112450000,   0.00000,
,,,0.000112460000,   0.00000,
,,,0.000112470000,   0.00000,
,,,0.000112480000,   0.00000,
,,,0.000112490000,   0.00000,
,,,0.000112500000,  -0.20000,
,,,0.000112510000,   0.00000,
,,,0.000112520000,   0.00000,
,,,0.000112530000,  -0.20000,
,,,0.000112540000,   0.00000,
,,,0.000112550000,  -0.20000,
,,,0.000112560000,  -0.20000,
,,,0.000112570000,   0.00000,
,,,0.000112580000,  -0.20000,
,,,0.000112590000,   0.00000,
,,,0.000112600000,  -0.20000,
,,,0.000112610000,  -0.20000,
,,,0.000112620000,  -0.20000,
,,,0.000112630000,  -0.20000,
,,,0.000112640000,   0.00000,
,,,0.000112650000,  -0.20000,
,,,0.000112660000,  -0.20000,
,,,0.000112670000,  -0.20000,
,,,0.000112680000,  -0.20000,
,,,0.000112690000,  -0.20000,
,,,0.000112700000,  -0.20000,
,,,0.000112710000,  -0.20000,
,,,0.000112720000,  -0.20000,
,,,0.000112730000,  -0.20000,
,,,0.000112740000,  -0.20000,
,,,0.000112750000,  -0.20000,
,,,0.000112760000,  -0.20000,
,,,0.000112770000,   0.00000,
,,,0.000112780000,  -0.20000,
,,,0.000112790000,  -0.20000,
,,,0.000112800000,  -0.20000,
,,,0.000112810000,  -0.20000,
,,,0.000112820000,  -0.20000,
,,,0.000112830000,  -0.20000,
,,,0.000112840000,  -0.20000,
,,,0.000112850000,  -0.20000,
,,,0.000112860000,  -0.20000,
,,,0.000112870000,  -0.20000,
,,,0.000112880000,  -0.20000,
,,,0.000112890000,  -0.20000,
,,,0.000112900000,  -0.20000,
,,,0.000112910000,  -0.20000,
,,,0.000112920000,  -0.20000,
,,,0.000112930000,  -0.20000,
,,,0.000112940000,  -0.20000,
,,,0.000112950000,  -0.20000,
,,,0.000112960000,  -0.20000,
,,,0.000112970000,  -0.20000,
,,,0.000112980000,  -0.20000,
,,,0.000112990000,  -0.20000,
,,,0.000113000000,  -0.20000,
,,,0.000113010000,  -0.20000,
,,,0.000113020000,  -0.20000,
,,,0.000113030000,  -0.20000,
,,,0.000113040000,  -0.20000,
,,,0.000113050000,  -0.20000,
,,,0.000113060000,  -0.20000,
,,,0.000113070000,  -0.20000,
,,,0.000113080000,  -0.20000,
,,,0.000113090000,  -0.20000,
,,,0.000113100000,  -0.20000,
,,,0.000113110000,  -0.20000,
,,,0.000113120000,  -0.20000,
,,,0.000113130000,  -0.20000,
,,,0.000113140000,  -0.20000,
,,,0.000113150000,  -0.20000,
,,,0.000113160000,  -0.20000,
,,,0.000113170000,  -0.20000,
,,,0.000113180000,  -0.20000,
,,,0.000113190000,  -0.20000,
,,,0.000113200000,  -0.20000,
,,,0.000113210000,  -0.20000,
,,,0.000113220000,  -0.20000,
,,,0.000113230000,  -0.20000,
,,,0.000113240000,  -0.20000,
,,,0.000113250000,  -0.20000,
,,,0.000113260000,  -0.20000,
,,,0.000113270000,  -0.20000,
,,,0.000113280000,  -0.20000,
,,,0.000113290000,  -0.20000,
,,,0.000113300000,  -0.20000,
,,,0.000113310000,  -0.20000,
,,,0.000113320000,  -0.20000,
,,,0.000113330000,  -0.20000,
,,,0.000113340000,  -0.20000,
,,,0.000113350000,  -0.20000,
,,,0.000113360000,  -0.20000,
,,,0.000113370000,  -0.20000,
,,,0.000113380000,  -0.20000,
,,,0.000113390000,  -0.20000,
,,,0.000113400000,  -0.20000,
,,,0.000113410000,  -0.20000,
,,,0.000113420000,  -0.20000,
,,,0.000113430000,  -0.20000,
,,,0.000113440000,  -0.20000,
,,,0.000113450000,  -0.20000,
,,,0.000113460000,  -0.20000,
,,,0.000113470000,  -0.20000,
,,,0.000113480000,  -0.20000,
,,,0.000113490000,  -0.20000,
,,,0.000113500000,  -0.20000,
,,,0.000113510000,  -0.20000,
,,,0.000113520000,  -0.20000,
,,,0.000113530000,  -0.20000,
,,,0.000113540000,  -0.20000,
,,,0.000113550000,  -0.20000,
,,,0.000113560000,  -0.20000,
,,,0.000113570000,  -0.20000,
,,,0.000113580000,  -0.20000,
,,,0.000113590000,  -0.20000,
,,,0.000113600000,  -0.20000,
,,,0.000113610000,  -0.20000,
,,,0.000113620000,  -0.20000,
,,,0.000113630000,  -0.20000,
,,,0.000113640000,  -0.20000,
,,,0.000113650000,  -0.20000,
,,,0.000113660000,  -0.20000,
,,,0.000113670000,  -0.20000,
,,,0.000113680000,  -0.20000,
,,,0.000113690000,  -0.20000,
,,,0.000113700000,  -0.20000,
,,,0.000113710000,  -0.20000,
,,,0.000113720000,  -0.20000,
,,,0.000113730000,  -0.20000,
,,,0.000113740000,  -0.20000,
,,,0.000113750000,  -0.20000,
,,,0.000113760000,  -0.20000,
,,,0.000113770000,  -0.20000,
,,,0.000113780000,  -0.20000,
,,,0.000113790000,  -0.20000,
,,,0.000113800000,  -0.20000,
,,,0.000113810000,  -0.20000,
,,,0.000113820000,  -0.20000,
,,,0.000113830000,  -0.20000,
,,,0.000113840000,  -0.20000,
,,,0.000113850000,  -0.20000,
,,,0.000113860000,  -0.20000,
,,,0.000113870000,  -0.20000,
,,,0.000113880000,  -0.20000,
,,,0.000113890000,  -0.20000,
,,,0.000113900000,  -0.20000,
,,,0.000113910000,  -0.20000,
,,,0.000113920000,  -0.20000,
,,,0.000113930000,  -0.20000,
,,,0.000113940000,  -0.20000,
,,,0.000113950000,  -0.20000,
,,,0.000113960000,  -0.20000,
,,,0.000113970000,  -0.20000,
,,,0.000113980000,  -0.20000,
,,,0.000113990000,  -0.20000,
,,,0.000114000000,  -0.20000,
,,,0.000114010000,  -0.20000,
,,,0.000114020000,  -0.20000,
,,,0.000114030000,  -0.20000,
,,,0.000114040000,  -0.20000,
,,,0.000114050000,  -0.20000,
,,,0.000114060000,  -0.20000,
,,,0.000114070000,  -0.20000,
,,,0.000114080000,  -0.20000,
,,,0.000114090000,  -0.20000,
,,,0.000114100000,  -0.20000,
,,,0.000114110000,  -0.20000,
,,,0.000114120000,  -0.20000,
,,,0.000114130000,  -0.20000,
,,,0.000114140000,  -0.20000,
,,,0.000114150000,  -0.20000,
,,,0.000114160000,  -0.20000,
,,,0.000114170000,  -0.20000,
,,,0.000114180000,  -0.20000,
,,,0.000114190000,  -0.20000,
,,,0.000114200000,  -0.20000,
,,,0.000114210000,  -0.20000,
,,,0.000114220000,  -0.20000,
,,,0.000114230000,  -0.20000,
,,,0.000114240000,  -0.20000,
,,,0.000114250000,  -0.20000,
,,,0.000114260000,  -0.20000,
,,,0.000114270000,  -0.20000,
,,,0.000114280000,  -0.20000,
,,,0.000114290000,  -0.20000,
,,,0.000114300000,  -0.20000,
,,,0.000114310000,  -0.20000,
,,,0.000114320000,  -0.20000,
,,,0.000114330000,  -0.20000,
,,,0.000114340000,  -0.20000,
,,,0.000114350000,  -0.20000,
,,,0.000114360000,  -0.36000,
,,,0.000114370000,  -0.20000,
,,,0.000114380000,  -0.20000,
,,,0.000114390000,  -0.20000,
,,,0.000114400000,  -0.20000,
,,,0.000114410000,  -0.20000,
,,,0.000114420000,  -0.20000,
,,,0.000114430000,  -0.20000,
,,,0.000114440000,  -0.20000,
,,,0.000114450000,  -0.20000,
,,,0.000114460000,  -0.20000,
,,,0.000114470000,  -0.20000,
,,,0.000114480000,  -0.20000,
,,,0.000114490000,  -0.20000,
,,,0.000114500000,  -0.20000,
,,,0.000114510000,  -0.20000,
,,,0.000114520000,  -0.20000,
,,,0.000114530000,  -0.36000,
,,,0.000114540000,  -0.20000,
,,,0.000114550000,  -0.20000,
,,,0.000114560000,  -0.36000,
,,,0.000114570000,  -0.20000,
,,,0.000114580000,  -0.20000,
,,,0.000114590000,  -0.20000,
,,,0.000114600000,  -0.20000,
,,,0.000114610000,  -0.20000,
,,,0.000114620000,  -0.20000,
,,,0.000114630000,  -0.20000,
,,,0.000114640000,  -0.20000,
,,,0.000114650000,  -0.20000,
,,,0.000114660000,  -0.36000,
,,,0.000114670000,  -0.20000,
,,,0.000114680000,  -0.36000,
,,,0.000114690000,  -0.20000,
,,,0.000114700000,  -0.20000,
,,,0.000114710000,  -0.20000,
,,,0.000114720000,  -0.36000,
,,,0.000114730000,  -0.20000,
,,,0.000114740000,  -0.36000,
,,,0.000114750000,  -0.20000,
,,,0.000114760000,  -0.36000,
,,,0.000114770000,  -0.20000,
,,,0.000114780000,  -0.20000,
,,,0.000114790000,  -0.36000,
,,,0.000114800000,  -0.20000,
,,,0.000114810000,  -0.36000,
,,,0.000114820000,  -0.20000,
,,,0.000114830000,  -0.20000,
,,,0.000114840000,  -0.36000,
,,,0.000114850000,  -0.36000,
,,,0.000114860000,  -0.36000,
,,,0.000114870000,  -0.20000,
,,,0.000114880000,  -0.20000,
,,,0.000114890000,  -0.36000,
,,,0.000114900000,  -0.36000,
,,,0.000114910000,  -0.20000,
,,,0.000114920000,  -0.36000,
,,,0.000114930000,  -0.36000,
,,,0.000114940000,  -0.36000,
,,,0.000114950000,  -0.20000,
,,,0.000114960000,  -0.20000,
,,,0.000114970000,  -0.20000,
,,,0.000114980000,  -0.20000,
,,,0.000114990000,  -0.36000,
,,,0.000115000000,  -0.20000,
,,,0.000115010000,  -0.36000,
,,,0.000115020000,  -0.36000,
,,,0.000115030000,  -0.36000,
,,,0.000115040000,  -0.36000,
,,,0.000115050000,  -0.20000,
,,,0.000115060000,  -0.36000,
,,,0.000115070000,  -0.36000,
,,,0.000115080000,  -0.36000,
,,,0.000115090000,  -0.36000,
,,,0.000115100000,  -0.36000,
,,,0.000115110000,  -0.36000,
,,,0.000115120000,  -0.36000,
,,,0.000115130000,  -0.20000,
,,,0.000115140000,  -0.36000,
,,,0.000115150000,  -0.36000,
,,,0.000115160000,  -0.20000,
,,,0.000115170000,  -0.36000,
,,,0.000115180000,  -0.36000,
,,,0.000115190000,  -0.36000,
,,,0.000115200000,  -0.36000,
,,,0.000115210000,  -0.20000,
,,,0.000115220000,  -0.36000,
,,,0.000115230000,  -0.20000,
,,,0.000115240000,  -0.20000,
,,,0.000115250000,  -0.36000,
,,,0.000115260000,  -0.36000,
,,,0.000115270000,  -0.36000,
,,,0.000115280000,  -0.20000,
,,,0.000115290000,  -0.36000,
,,,0.000115300000,  -0.36000,
,,,0.000115310000,  -0.36000,
,,,0.000115320000,  -0.36000,
,,,0.000115330000,  -0.36000,
,,,0.000115340000,  -0.36000,
,,,0.000115350000,  -0.36000,
,,,0.000115360000,  -0.36000,
,,,0.000115370000,  -0.36000,
,,,0.000115380000,  -0.36000,
,,,0.000115390000,  -0.36000,
,,,0.000115400000,  -0.36000,
,,,0.000115410000,  -0.36000,
,,,0.000115420000,  -0.36000,
,,,0.000115430000,  -0.36000,
,,,0.000115440000,  -0.36000,
,,,0.000115450000,  -0.36000,
,,,0.000115460000,  -0.36000,
,,,0.000115470000,  -0.36000,
,,,0.000115480000,  -0.36000,
,,,0.000115490000,  -0.36000,
,,,0.000115500000,  -0.36000,
,,,0.000115510000,  -0.36000,
,,,0.000115520000,  -0.36000,
,,,0.000115530000,  -0.20000,
,,,0.000115540000,  -0.20000,
,,,0.000115550000,  -0.36000,
,,,0.000115560000,  -0.36000,
,,,0.000115570000,  -0.36000,
,,,0.000115580000,  -0.36000,
,,,0.000115590000,  -0.36000,
,,,0.000115600000,  -0.36000,
,,,0.000115610000,  -0.36000,
,,,0.000115620000,  -0.36000,
,,,0.000115630000,  -0.36000,
,,,0.000115640000,  -0.36000,
,,,0.000115650000,  -0.36000,
,,,0.000115660000,  -0.36000,
,,,0.000115670000,  -0.36000,
,,,0.000115680000,  -0.36000,
,,,0.000115690000,  -0.36000,
,,,0.000115700000,  -0.36000,
,,,0.000115710000,  -0.36000,
,,,0.000115720000,  -0.36000,
,,,0.000115730000,  -0.36000,
,,,0.000115740000,  -0.36000,
,,,0.000115750000,  -0.36000,
,,,0.000115760000,  -0.36000,
,,,0.000115770000,  -0.36000,
,,,0.000115780000,  -0.36000,
,,,0.000115790000,  -0.36000,
,,,0.000115800000,  -0.36000,
,,,0.000115810000,  -0.36000,
,,,0.000115820000,  -0.36000,
,,,0.000115830000,  -0.36000,
,,,0.000115840000,  -0.36000,
,,,0.000115850000,  -0.36000,
,,,0.000115860000,  -0.36000,
,,,0.000115870000,  -0.36000,
,,,0.000115880000,  -0.36000,
,,,0.000115890000,  -0.36000,
,,,0.000115900000,  -0.36000,
,,,0.000115910000,  -0.36000,
,,,0.000115920000,  -0.36000,
,,,0.000115930000,  -0.36000,
,,,0.000115940000,  -0.36000,
,,,0.000115950000,  -0.36000,
,,,0.000115960000,  -0.36000,
,,,0.000115970000,  -0.36000,
,,,0.000115980000,  -0.36000,
,,,0.000115990000,  -0.36000,
,,,0.000116000000,  -0.36000,
,,,0.000116010000,  -0.36000,
,,,0.000116020000,  -0.36000,
,,,0.000116030000,  -0.36000,
,,,0.000116040000,  -0.36000,
,,,0.000116050000,  -0.36000,
,,,0.000116060000,  -0.36000,
,,,0.000116070000,  -0.36000,
,,,0.000116080000,  -0.36000,
,,,0.000116090000,  -0.36000,
,,,0.000116100000,  -0.36000,
,,,0.000116110000,  -0.36000,
,,,0.000116120000,  -0.36000,
,,,0.000116130000,  -0.36000,
,,,0.000116140000,  -0.36000,
,,,0.000116150000,  -0.36000,
,,,0.000116160000,  -0.36000,
,,,0.000116170000,  -0.36000,
,,,0.000116180000,  -0.36000,
,,,0.000116190000,  -0.36000,
,,,0.000116200000,  -0.36000,
,,,0.000116210000,  -0.36000,
,,,0.000116220000,  -0.36000,
,,,0.000116230000,  -0.36000,
,,,0.000116240000,  -0.36000,
,,,0.000116250000,  -0.36000,
,,,0.000116260000,  -0.36000,
,,,0.000116270000,  -0.36000,
,,,0.000116280000,  -0.36000,
,,,0.000116290000,  -0.36000,
,,,0.000116300000,  -0.36000,
,,,0.000116310000,  -0.36000,
,,,0.000116320000,  -0.36000,
,,,0.000116330000,  -0.36000,
,,,0.000116340000,  -0.36000,
,,,0.000116350000,  -0.36000,
,,,0.000116360000,  -0.36000,
,,,0.000116370000,  -0.36000,
,,,0.000116380000,  -0.36000,
,,,0.000116390000,  -0.36000,
,,,0.000116400000,  -0.36000,
,,,0.000116410000,  -0.36000,
,,,0.000116420000,  -0.36000,
,,,0.000116430000,  -0.36000,
,,,0.000116440000,  -0.36000,
,,,0.000116450000,  -0.36000,
,,,0.000116460000,  -0.36000,
,,,0.000116470000,  -0.36000,
,,,0.000116480000,  -0.36000,
,,,0.000116490000,  -0.36000,
,,,0.000116500000,  -0.36000,
,,,0.000116510000,  -0.36000,
,,,0.000116520000,  -0.36000,
,,,0.000116530000,  -0.36000,
,,,0.000116540000,  -0.36000,
,,,0.000116550000,  -0.36000,
,,,0.000116560000,  -0.36000,
,,,0.000116570000,  -0.36000,
,,,0.000116580000,  -0.36000,
,,,0.000116590000,  -0.36000,
,,,0.000116600000,  -0.36000,
,,,0.000116610000,  -0.36000,
,,,0.000116620000,  -0.36000,
,,,0.000116630000,  -0.36000,
,,,0.000116640000,  -0.36000,
,,,0.000116650000,  -0.36000,
,,,0.000116660000,  -0.36000,
,,,0.000116670000,  -0.36000,
,,,0.000116680000,  -0.36000,
,,,0.000116690000,  -0.36000,
,,,0.000116700000,  -0.36000,
,,,0.000116710000,  -0.36000,
,,,0.000116720000,  -0.36000,
,,,0.000116730000,  -0.36000,
,,,0.000116740000,  -0.36000,
,,,0.000116750000,  -0.36000,
,,,0.000116760000,  -0.36000,
,,,0.000116770000,  -0.36000,
,,,0.000116780000,  -0.36000,
,,,0.000116790000,  -0.36000,
,,,0.000116800000,  -0.36000,
,,,0.000116810000,  -0.36000,
,,,0.000116820000,  -0.36000,
,,,0.000116830000,  -0.36000,
,,,0.000116840000,  -0.36000,
,,,0.000116850000,  -0.36000,
,,,0.000116860000,  -0.36000,
,,,0.000116870000,  -0.36000,
,,,0.000116880000,  -0.36000,
,,,0.000116890000,  -0.36000,
,,,0.000116900000,  -0.36000,
,,,0.000116910000,  -0.36000,
,,,0.000116920000,  -0.36000,
,,,0.000116930000,  -0.36000,
,,,0.000116940000,  -0.36000,
,,,0.000116950000,  -0.36000,
,,,0.000116960000,  -0.36000,
,,,0.000116970000,  -0.36000,
,,,0.000116980000,  -0.36000,
,,,0.000116990000,  -0.36000,
,,,0.000117000000,  -0.36000,
,,,0.000117010000,  -0.36000,
,,,0.000117020000,  -0.36000,
,,,0.000117030000,  -0.36000,
,,,0.000117040000,  -0.36000,
,,,0.000117050000,  -0.36000,
,,,0.000117060000,  -0.36000,
,,,0.000117070000,  -0.36000,
,,,0.000117080000,  -0.36000,
,,,0.000117090000,  -0.36000,
,,,0.000117100000,  -0.36000,
,,,0.000117110000,  -0.36000,
,,,0.000117120000,  -0.36000,
,,,0.000117130000,  -0.36000,
,,,0.000117140000,  -0.36000,
,,,0.000117150000,  -0.36000,
,,,0.000117160000,  -0.36000,
,,,0.000117170000,  -0.36000,
,,,0.000117180000,  -0.36000,
,,,0.000117190000,  -0.36000,
,,,0.000117200000,  -0.36000,
,,,0.000117210000,  -0.36000,
,,,0.000117220000,  -0.36000,
,,,0.000117230000,  -0.36000,
,,,0.000117240000,  -0.36000,
,,,0.000117250000,  -0.36000,
,,,0.000117260000,  -0.36000,
,,,0.000117270000,  -0.36000,
,,,0.000117280000,  -0.36000,
,,,0.000117290000,  -0.36000,
,,,0.000117300000,  -0.36000,
,,,0.000117310000,  -0.36000,
,,,0.000117320000,  -0.36000,
,,,0.000117330000,  -0.36000,
,,,0.000117340000,  -0.36000,
,,,0.000117350000,  -0.36000,
,,,0.000117360000,  -0.36000,
,,,0.000117370000,  -0.36000,
,,,0.000117380000,  -0.36000,
,,,0.000117390000,  -0.36000,
,,,0.000117400000,  -0.36000,
,,,0.000117410000,  -0.36000,
,,,0.000117420000,  -0.36000,
,,,0.000117430000,  -0.36000,
,,,0.000117440000,  -0.36000,
,,,0.000117450000,  -0.36000,
,,,0.000117460000,  -0.36000,
,,,0.000117470000,  -0.36000,
,,,0.000117480000,  -0.36000,
,,,0.000117490000,  -0.36000,
,,,0.000117500000,  -0.36000,
,,,0.000117510000,  -0.36000,
,,,0.000117520000,  -0.36000,
,,,0.000117530000,  -0.36000,
,,,0.000117540000,  -0.36000,
,,,0.000117550000,  -0.36000,
,,,0.000117560000,  -0.36000,
,,,0.000117570000,  -0.36000,
,,,0.000117580000,  -0.36000,
,,,0.000117590000,  -0.36000,
,,,0.000117600000,  -0.36000,
,,,0.000117610000,  -0.36000,
,,,0.000117620000,  -0.36000,
,,,0.000117630000,  -0.36000,
,,,0.000117640000,  -0.36000,
,,,0.000117650000,  -0.36000,
,,,0.000117660000,  -0.36000,
,,,0.000117670000,  -0.36000,
,,,0.000117680000,  -0.36000,
,,,0.000117690000,  -0.36000,
,,,0.000117700000,  -0.36000,
,,,0.000117710000,  -0.36000,
,,,0.000117720000,  -0.36000,
,,,0.000117730000,  -0.36000,
,,,0.000117740000,  -0.36000,
,,,0.000117750000,  -0.36000,
,,,0.000117760000,  -0.36000,
,,,0.000117770000,  -0.36000,
,,,0.000117780000,  -0.36000,
,,,0.000117790000,  -0.36000,
,,,0.000117800000,  -0.36000,
,,,0.000117810000,  -0.36000,
,,,0.000117820000,  -0.36000,
,,,0.000117830000,  -0.36000,
,,,0.000117840000,  -0.36000,
,,,0.000117850000,  -0.36000,
,,,0.000117860000,  -0.36000,
,,,0.000117870000,  -0.36000,
,,,0.000117880000,  -0.36000,
,,,0.000117890000,  -0.36000,
,,,0.000117900000,  -0.36000,
,,,0.000117910000,  -0.36000,
,,,0.000117920000,  -0.36000,
,,,0.000117930000,  -0.36000,
,,,0.000117940000,  -0.36000,
,,,0.000117950000,  -0.36000,
,,,0.000117960000,  -0.36000,
,,,0.000117970000,  -0.36000,
,,,0.000117980000,  -0.36000,
,,,0.000117990000,  -0.36000,
,,,0.000118000000,  -0.36000,
,,,0.000118010000,  -0.36000,
,,,0.000118020000,  -0.36000,
,,,0.000118030000,  -0.36000,
,,,0.000118040000,  -0.36000,
,,,0.000118050000,  -0.36000,
,,,0.000118060000,  -0.36000,
,,,0.000118070000,  -0.36000,
,,,0.000118080000,  -0.36000,
,,,0.000118090000,  -0.36000,
,,,0.000118100000,  -0.36000,
,,,0.000118110000,  -0.36000,
,,,0.000118120000,  -0.36000,
,,,0.000118130000,  -0.36000,
,,,0.000118140000,  -0.36000,
,,,0.000118150000,  -0.36000,
,,,0.000118160000,  -0.36000,
,,,0.000118170000,  -0.36000,
,,,0.000118180000,  -0.36000,
,,,0.000118190000,  -0.36000,
,,,0.000118200000,  -0.36000,
,,,0.000118210000,  -0.36000,
,,,0.000118220000,  -0.36000,
,,,0.000118230000,  -0.36000,
,,,0.000118240000,  -0.36000,
,,,0.000118250000,  -0.36000,
,,,0.000118260000,  -0.36000,
,,,0.000118270000,  -0.36000,
,,,0.000118280000,  -0.36000,
,,,0.000118290000,  -0.36000,
,,,0.000118300000,  -0.36000,
,,,0.000118310000,  -0.36000,
,,,0.000118320000,  -0.36000,
,,,0.000118330000,  -0.36000,
,,,0.000118340000,  -0.36000,
,,,0.000118350000,  -0.36000,
,,,0.000118360000,  -0.36000,
,,,0.000118370000,  -0.36000,
,,,0.000118380000,  -0.36000,
,,,0.000118390000,  -0.36000,
,,,0.000118400000,  -0.36000,
,,,0.000118410000,  -0.36000,
,,,0.000118420000,  -0.36000,
,,,0.000118430000,  -0.36000,
,,,0.000118440000,  -0.36000,
,,,0.000118450000,  -0.36000,
,,,0.000118460000,  -0.36000,
,,,0.000118470000,  -0.36000,
,,,0.000118480000,  -0.36000,
,,,0.000118490000,  -0.36000,
,,,0.000118500000,  -0.36000,
,,,0.000118510000,  -0.36000,
,,,0.000118520000,  -0.36000,
,,,0.000118530000,  -0.36000,
,,,0.000118540000,  -0.36000,
,,,0.000118550000,  -0.36000,
,,,0.000118560000,  -0.36000,
,,,0.000118570000,  -0.36000,
,,,0.000118580000,  -0.36000,
,,,0.000118590000,  -0.36000,
,,,0.000118600000,  -0.36000,
,,,0.000118610000,  -0.36000,
,,,0.000118620000,  -0.36000,
,,,0.000118630000,  -0.36000,
,,,0.000118640000,  -0.36000,
,,,0.000118650000,  -0.36000,
,,,0.000118660000,  -0.36000,
,,,0.000118670000,  -0.36000,
,,,0.000118680000,  -0.36000,
,,,0.000118690000,  -0.36000,
,,,0.000118700000,  -0.36000,
,,,0.000118710000,  -0.36000,
,,,0.000118720000,  -0.36000,
,,,0.000118730000,  -0.36000,
,,,0.000118740000,  -0.36000,
,,,0.000118750000,  -0.36000,
,,,0.000118760000,  -0.36000,
,,,0.000118770000,  -0.36000,
,,,0.000118780000,  -0.36000,
,,,0.000118790000,  -0.36000,
,,,0.000118800000,  -0.36000,
,,,0.000118810000,  -0.36000,
,,,0.000118820000,  -0.36000,
,,,0.000118830000,  -0.36000,
,,,0.000118840000,  -0.36000,
,,,0.000118850000,  -0.36000,
,,,0.000118860000,  -0.36000,
,,,0.000118870000,  -0.36000,
,,,0.000118880000,  -0.36000,
,,,0.000118890000,  -0.36000,
,,,0.000118900000,  -0.36000,
,,,0.000118910000,  -0.36000,
,,,0.000118920000,  -0.36000,
,,,0.000118930000,  -0.36000,
,,,0.000118940000,  -0.36000,
,,,0.000118950000,  -0.36000,
,,,0.000118960000,  -0.36000,
,,,0.000118970000,  -0.36000,
,,,0.000118980000,  -0.36000,
,,,0.000118990000,  -0.36000,
,,,0.000119000000,  -0.36000,
,,,0.000119010000,  -0.36000,
,,,0.000119020000,  -0.36000,
,,,0.000119030000,  -0.36000,
,,,0.000119040000,  -0.36000,
,,,0.000119050000,  -0.36000,
,,,0.000119060000,  -0.36000,
,,,0.000119070000,  -0.36000,
,,,0.000119080000,  -0.36000,
,,,0.000119090000,  -0.36000,
,,,0.000119100000,  -0.36000,
,,,0.000119110000,  -0.36000,
,,,0.000119120000,  -0.36000,
,,,0.000119130000,  -0.36000,
,,,0.000119140000,  -0.36000,
,,,0.000119150000,  -0.36000,
,,,0.000119160000,  -0.36000,
,,,0.000119170000,  -0.36000,
,,,0.000119180000,  -0.36000,
,,,0.000119190000,  -0.36000,
,,,0.000119200000,  -0.36000,
,,,0.000119210000,  -0.36000,
,,,0.000119220000,  -0.36000,
,,,0.000119230000,  -0.36000,
,,,0.000119240000,  -0.36000,
,,,0.000119250000,  -0.36000,
,,,0.000119260000,  -0.36000,
,,,0.000119270000,  -0.36000,
,,,0.000119280000,  -0.36000,
,,,0.000119290000,  -0.36000,
,,,0.000119300000,  -0.36000,
,,,0.000119310000,  -0.36000,
,,,0.000119320000,  -0.36000,
,,,0.000119330000,  -0.36000,
,,,0.000119340000,  -0.36000,
,,,0.000119350000,  -0.36000,
,,,0.000119360000,  -0.36000,
,,,0.000119370000,  -0.36000,
,,,0.000119380000,  -0.36000,
,,,0.000119390000,  -0.36000,
,,,0.000119400000,  -0.36000,
,,,0.000119410000,  -0.36000,
,,,0.000119420000,  -0.36000,
,,,0.000119430000,  -0.36000,
,,,0.000119440000,  -0.36000,
,,,0.000119450000,  -0.36000,
,,,0.000119460000,  -0.36000,
,,,0.000119470000,  -0.36000,
,,,0.000119480000,  -0.36000,
,,,0.000119490000,  -0.36000,
,,,0.000119500000,  -0.36000,
,,,0.000119510000,  -0.36000,
,,,0.000119520000,  -0.36000,
,,,0.000119530000,  -0.36000,
,,,0.000119540000,  -0.36000,
,,,0.000119550000,  -0.36000,
,,,0.000119560000,  -0.36000,
,,,0.000119570000,  -0.36000,
,,,0.000119580000,  -0.36000,
,,,0.000119590000,  -0.36000,
,,,0.000119600000,  -0.36000,
,,,0.000119610000,  -0.36000,
,,,0.000119620000,  -0.36000,
,,,0.000119630000,  -0.36000,
,,,0.000119640000,  -0.36000,
,,,0.000119650000,  -0.36000,
,,,0.000119660000,  -0.36000,
,,,0.000119670000,  -0.36000,
,,,0.000119680000,  -0.36000,
,,,0.000119690000,  -0.36000,
,,,0.000119700000,  -0.36000,
,,,0.000119710000,  -0.36000,
,,,0.000119720000,  -0.36000,
,,,0.000119730000,  -0.36000,
,,,0.000119740000,  -0.36000,
,,,0.000119750000,  -0.36000,
,,,0.000119760000,  -0.36000,
,,,0.000119770000,  -0.36000,
,,,0.000119780000,  -0.36000,
,,,0.000119790000,  -0.36000,
,,,0.000119800000,  -0.36000,
,,,0.000119810000,  -0.36000,
,,,0.000119820000,  -0.36000,
,,,0.000119830000,  -0.36000,
,,,0.000119840000,  -0.36000,
,,,0.000119850000,  -0.36000,
,,,0.000119860000,  -0.36000,
,,,0.000119870000,  -0.36000,
,,,0.000119880000,  -0.36000,
,,,0.000119890000,  -0.36000,
,,,0.000119900000,  -0.36000,
,,,0.000119910000,  -0.36000,
,,,0.000119920000,  -0.36000,
,,,0.000119930000,  -0.36000,
,,,0.000119940000,  -0.36000,
,,,0.000119950000,  -0.36000,
,,,0.000119960000,  -0.36000,
,,,0.000119970000,  -0.36000,
,,,0.000119980000,  -0.36000,
,,,0.000119990000,  -0.36000,
,,,0.000120000000,  -0.36000,
,,,0.000120010000,  -0.36000,
,,,0.000120020000,  -0.36000,
,,,0.000120030000,  -0.36000,
,,,0.000120040000,  -0.36000,
,,,0.000120050000,  -0.36000,
,,,0.000120060000,  -0.36000,
,,,0.000120070000,  -0.36000,
,,,0.000120080000,  -0.36000,
,,,0.000120090000,  -0.36000,
,,,0.000120100000,  -0.36000,
,,,0.000120110000,  -0.36000,
,,,0.000120120000,  -0.36000,
,,,0.000120130000,  -0.36000,
,,,0.000120140000,  -0.36000,
,,,0.000120150000,  -0.36000,
,,,0.000120160000,  -0.36000,
,,,0.000120170000,  -0.36000,
,,,0.000120180000,  -0.36000,
,,,0.000120190000,  -0.36000,
,,,0.000120200000,  -0.36000,
,,,0.000120210000,  -0.36000,
,,,0.000120220000,  -0.36000,
,,,0.000120230000,  -0.36000,
,,,0.000120240000,  -0.36000,
,,,0.000120250000,  -0.36000,
,,,0.000120260000,  -0.36000,
,,,0.000120270000,  -0.36000,
,,,0.000120280000,  -0.36000,
,,,0.000120290000,  -0.36000,
,,,0.000120300000,  -0.36000,
,,,0.000120310000,  -0.36000,
,,,0.000120320000,  -0.36000,
,,,0.000120330000,  -0.36000,
,,,0.000120340000,  -0.36000,
,,,0.000120350000,  -0.36000,
,,,0.000120360000,  -0.36000,
,,,0.000120370000,  -0.36000,
,,,0.000120380000,  -0.36000,
,,,0.000120390000,  -0.36000,
,,,0.000120400000,  -0.36000,
,,,0.000120410000,  -0.36000,
,,,0.000120420000,  -0.36000,
,,,0.000120430000,  -0.36000,
,,,0.000120440000,  -0.36000,
,,,0.000120450000,  -0.36000,
,,,0.000120460000,  -0.36000,
,,,0.000120470000,  -0.36000,
,,,0.000120480000,  -0.36000,
,,,0.000120490000,  -0.36000,
