Record Length,2.500000e+03,,  -0.000500000000, -16.00000,
Sample Interval,4.000000e-07,,  -0.000499600000, -16.80000,
Trigger Point,1.250000000000e+03,,  -0.000499200000, -16.00000,
,,,  -0.000498800000, -16.80000,
,,,  -0.000498400000, -16.80000,
,,,  -0.000498000000, -16.00000,
Source,CH1,,  -0.000497600000, -16.80000,
Vertical Units,V,,  -0.000497200000, -16.00000,
Vertical Scale,2.000000e+01,,  -0.000496800000, -16.80000,
Vertical Offset,4.000000e+01,,  -0.000496400000, -16.00000,
Horizontal Units,s,,  -0.000496000000, -16.80000,
Horizontal Scale,1.000000e-04,,  -0.000495600000, -16.80000,
Pt Fmt,Y,,  -0.000495200000, -16.00000,
Yzero,0.000000e+00,,  -0.000494800000, -16.80000,
Probe Atten,1.000000e+01,,  -0.000494400000, -16.80000,
Model Number,TBS1042,,  -0.000494000000, -16.80000,
Serial Number,C010574,,  -0.000493600000, -16.80000,
Firmware Version,FV:v26.01,,  -0.000493200000, -16.80000,
,,,-00.000492800000, -16.00000,
,,,-00.000492400000, -16.80000,
,,,-00.000492000000, -16.80000,
,,,-00.000491600000, -16.80000,
,,,-00.000491200000, -16.00000,
,,,-00.000490800000, -16.00000,
,,,-00.000490400000, -16.80000,
,,,-00.000490000000, -16.80000,
,,,-00.000489600000, -16.80000,
,,,-00.000489200000, -16.00000,
,,,-00.000488800000, -17.60000,
,,,-00.000488400000, -16.00000,
,,,-00.000488000000, -16.80000,
,,,-00.000487600000, -16.80000,
,,,-00.000487200000, -17.60000,
,,,-00.000486800000, -16.80000,
,,,-00.000486400000, -16.00000,
,,,-00.000486000000, -16.80000,
,,,-00.000485600000, -16.00000,
,,,-00.000485200000, -15.20000,
,,,-00.000484800000, -16.00000,
,,,-00.000484400000, -17.60000,
,,,-00.000484000000, -16.80000,
,,,-00.000483600000, -16.80000,
,,,-00.000483200000, -16.80000,
,,,-00.000482800000, -16.80000,
,,,-00.000482400000, -16.00000,
,,,-00.000482000000, -16.80000,
,,,-00.000481600000, -16.00000,
,,,-00.000481200000, -16.80000,
,,,-00.000480800000, -16.80000,
,,,-00.000480400000, -16.80000,
,,,-00.000480000000, -16.00000,
,,,-00.000479600000, -16.80000,
,,,-00.000479200000, -16.00000,
,,,-00.000478800000, -16.00000,
,,,-00.000478400000, -16.00000,
,,,-00.000478000000, -16.80000,
,,,-00.000477600000, -16.00000,
,,,-00.000477200000, -16.80000,
,,,-00.000476800000, -16.80000,
,,,-00.000476400000, -16.80000,
,,,-00.000476000000, -16.00000,
,,,-00.000475600000, -16.80000,
,,,-00.000475200000, -16.00000,
,,,-00.000474800000, -16.80000,
,,,-00.000474400000, -16.80000,
,,,-00.000474000000, -16.80000,
,,,-00.000473600000, -16.00000,
,,,-00.000473200000, -16.00000,
,,,-00.000472800000, -17.60000,
,,,-00.000472400000, -16.80000,
,,,-00.000472000000, -16.00000,
,,,-00.000471600000, -16.00000,
,,,-00.000471200000, -15.20000,
,,,-00.000470800000, -16.80000,
,,,-00.000470400000, -16.00000,
,,,-00.000470000000, -16.80000,
,,,-00.000469600000, -16.80000,
,,,-00.000469200000, -16.00000,
,,,-00.000468800000, -16.00000,
,,,-00.000468400000, -16.80000,
,,,-00.000468000000, -16.80000,
,,,-00.000467600000, -16.80000,
,,,-00.000467200000, -16.00000,
,,,-00.000466800000, -16.80000,
,,,-00.000466400000, -15.20000,
,,,-00.000466000000, -16.00000,
,,,-00.000465600000, -16.80000,
,,,-00.000465200000, -16.80000,
,,,-00.000464800000, -16.00000,
,,,-00.000464400000, -16.00000,
,,,-00.000464000000, -16.00000,
,,,-00.000463600000, -16.00000,
,,,-00.000463200000, -16.80000,
,,,-00.000462800000, -16.00000,
,,,-00.000462400000, -17.60000,
,,,-00.000462000000, -16.00000,
,,,-00.000461600000, -16.00000,
,,,-00.000461200000, -16.00000,
,,,-00.000460800000, -16.80000,
,,,-00.000460400000, -16.00000,
,,,-00.000460000000, -16.00000,
,,,-00.000459600000, -14.40000,
,,,-00.000459200000, -16.00000,
,,,-00.000458800000, -16.00000,
,,,-00.000458400000, -16.00000,
,,,-00.000458000000, -16.00000,
,,,-00.000457600000, -16.00000,
,,,-00.000457200000, -16.00000,
,,,-00.000456800000, -16.80000,
,,,-00.000456400000, -16.00000,
,,,-00.000456000000, -16.00000,
,,,-00.000455600000, -16.00000,
,,,-00.000455200000, -16.00000,
,,,-00.000454800000, -16.00000,
,,,-00.000454400000, -16.00000,
,,,-00.000454000000, -17.60000,
,,,-00.000453600000, -15.20000,
,,,-00.000453200000, -16.00000,
,,,-00.000452800000, -16.80000,
,,,-00.000452400000, -16.00000,
,,,-00.000452000000, -16.80000,
,,,-00.000451600000, -16.80000,
,,,-00.000451200000, -15.20000,
,,,-00.000450800000, -16.00000,
,,,-00.000450400000, -16.00000,
,,,-00.000450000000, -16.80000,
,,,-00.000449600000, -16.00000,
,,,-00.000449200000, -16.00000,
,,,-00.000448800000, -15.20000,
,,,-00.000448400000, -16.80000,
,,,-00.000448000000, -16.00000,
,,,-00.000447600000, -16.80000,
,,,-00.000447200000, -16.00000,
,,,-00.000446800000, -16.80000,
,,,-00.000446400000, -16.00000,
,,,-00.000446000000, -16.00000,
,,,-00.000445600000, -16.80000,
,,,-00.000445200000, -16.00000,
,,,-00.000444800000, -16.80000,
,,,-00.000444400000, -16.00000,
,,,-00.000444000000, -16.00000,
,,,-00.000443600000, -16.80000,
,,,-00.000443200000, -15.20000,
,,,-00.000442800000, -16.00000,
,,,-00.000442400000, -16.80000,
,,,-00.000442000000, -16.00000,
,,,-00.000441600000, -16.00000,
,,,-00.000441200000, -16.00000,
,,,-00.000440800000, -16.00000,
,,,-00.000440400000, -15.20000,
,,,-00.000440000000, -16.00000,
,,,-00.000439600000, -16.00000,
,,,-00.000439200000, -16.00000,
,,,-00.000438800000, -16.00000,
,,,-00.000438400000, -16.80000,
,,,-00.000438000000, -15.20000,
,,,-00.000437600000, -16.80000,
,,,-00.000437200000, -16.00000,
,,,-00.000436800000, -15.20000,
,,,-00.000436400000, -16.80000,
,,,-00.000436000000, -15.20000,
,,,-00.000435600000, -16.80000,
,,,-00.000435200000, -16.00000,
,,,-00.000434800000, -16.00000,
,,,-00.000434400000, -15.20000,
,,,-00.000434000000,  -1.60000,
,,,-00.000433600000,  16.80000,
,,,-00.000433200000,  24.00000,
,,,-00.000432800000,  24.00000,
,,,-00.000432400000,  24.00000,
,,,-00.000432000000,  24.80000,
,,,-00.000431600000,  24.80000,
,,,-00.000431200000,  24.80000,
,,,-00.000430800000,  24.80000,
,,,-00.000430400000,  25.60000,
,,,-00.000430000000,  25.60000,
,,,-00.000429600000,  25.60000,
,,,-00.000429200000,  25.60000,
,,,-00.000428800000,  24.80000,
,,,-00.000428400000,  26.40000,
,,,-00.000428000000,  24.80000,
,,,-00.000427600000,  25.60000,
,,,-00.000427200000,  26.40000,
,,,-00.000426800000,  25.60000,
,,,-00.000426400000,  26.40000,
,,,-00.000426000000,  24.80000,
,,,-00.000425600000,  24.80000,
,,,-00.000425200000,  26.40000,
,,,-00.000424800000,  26.40000,
,,,-00.000424400000,  24.00000,
,,,-00.000424000000,  24.80000,
,,,-00.000423600000,  25.60000,
,,,-00.000423200000,  25.60000,
,,,-00.000422800000,  25.60000,
,,,-00.000422400000,  24.80000,
,,,-00.000422000000,  24.80000,
,,,-00.000421600000,  25.60000,
,,,-00.000421200000,  25.60000,
,,,-00.000420800000,  26.40000,
,,,-00.000420400000,  25.60000,
,,,-00.000420000000,  25.60000,
,,,-00.000419600000,  24.80000,
,,,-00.000419200000,  24.80000,
,,,-00.000418800000,  24.80000,
,,,-00.000418400000,  25.60000,
,,,-00.000418000000,  25.60000,
,,,-00.000417600000,  24.80000,
,,,-00.000417200000,  25.60000,
,,,-00.000416800000,  25.60000,
,,,-00.000416400000,  26.40000,
,,,-00.000416000000,  24.80000,
,,,-00.000415600000,  25.60000,
,,,-00.000415200000,  25.60000,
,,,-00.000414800000,  25.60000,
,,,-00.000414400000,  25.60000,
,,,-00.000414000000,  25.60000,
,,,-00.000413600000,  25.60000,
,,,-00.000413200000,  25.60000,
,,,-00.000412800000,  24.80000,
,,,-00.000412400000,  24.80000,
,,,-00.000412000000,  26.40000,
,,,-00.000411600000,  26.40000,
,,,-00.000411200000,  24.80000,
,,,-00.000410800000,  26.40000,
,,,-00.000410400000,  25.60000,
,,,-00.000410000000,  26.40000,
,,,-00.000409600000,  24.80000,
,,,-00.000409200000,  26.40000,
,,,-00.000408800000,  25.60000,
,,,-00.000408400000,  25.60000,
,,,-00.000408000000,  25.60000,
,,,-00.000407600000,  26.40000,
,,,-00.000407200000,  25.60000,
,,,-00.000406800000,  26.40000,
,,,-00.000406400000,  25.60000,
,,,-00.000406000000,  25.60000,
,,,-00.000405600000,  24.80000,
,,,-00.000405200000,  25.60000,
,,,-00.000404800000,  25.60000,
,,,-00.000404400000,  25.60000,
,,,-00.000404000000,  24.80000,
,,,-00.000403600000,  26.40000,
,,,-00.000403200000,  25.60000,
,,,-00.000402800000,  24.80000,
,,,-00.000402400000,  25.60000,
,,,-00.000402000000,  26.40000,
,,,-00.000401600000,  25.60000,
,,,-00.000401200000,  24.80000,
,,,-00.000400800000,  24.80000,
,,,-00.000400400000,  25.60000,
,,,-00.000400000000,  25.60000,
,,,-00.000399600000,  25.60000,
,,,-00.000399200000,  24.80000,
,,,-00.000398800000,  25.60000,
,,,-00.000398400000,  26.40000,
,,,-00.000398000000,  26.40000,
,,,-00.000397600000,  25.60000,
,,,-00.000397200000,  25.60000,
,,,-00.000396800000,  25.60000,
,,,-00.000396400000,  24.00000,
,,,-00.000396000000,  25.60000,
,,,-00.000395600000,  25.60000,
,,,-00.000395200000,  24.80000,
,,,-00.000394800000,  24.80000,
,,,-00.000394400000,  25.60000,
,,,-00.000394000000,  24.00000,
,,,-00.000393600000,  24.80000,
,,,-00.000393200000,  24.00000,
,,,-00.000392800000,  25.60000,
,,,-00.000392400000,  25.60000,
,,,-00.000392000000,  26.40000,
,,,-00.000391600000,  24.00000,
,,,-00.000391200000,  24.80000,
,,,-00.000390800000,  25.60000,
,,,-00.000390400000,  24.80000,
,,,-00.000390000000,  24.80000,
,,,-00.000389600000,  24.80000,
,,,-00.000389200000,  24.80000,
,,,-00.000388800000,  25.60000,
,,,-00.000388400000,  24.80000,
,,,-00.000388000000,  25.60000,
,,,-00.000387600000,  25.60000,
,,,-00.000387200000,  25.60000,
,,,-00.000386800000,  26.40000,
,,,-00.000386400000,  24.80000,
,,,-00.000386000000,  25.60000,
,,,-00.000385600000,  25.60000,
,,,-00.000385200000,  25.60000,
,,,-00.000384800000,  24.00000,
,,,-00.000384400000,  24.80000,
,,,-00.000384000000,  24.80000,
,,,-00.000383600000,  25.60000,
,,,-00.000383200000,  24.80000,
,,,-00.000382800000,  24.80000,
,,,-00.000382400000,  25.60000,
,,,-00.000382000000,  24.80000,
,,,-00.000381600000,  25.60000,
,,,-00.000381200000,  25.60000,
,,,-00.000380800000,  24.80000,
,,,-00.000380400000,  26.40000,
,,,-00.000380000000,  24.80000,
,,,-00.000379600000,  24.80000,
,,,-00.000379200000,  25.60000,
,,,-00.000378800000,  24.80000,
,,,-00.000378400000,  24.80000,
,,,-00.000378000000,  26.40000,
,,,-00.000377600000,  24.80000,
,,,-00.000377200000,  26.40000,
,,,-00.000376800000,  25.60000,
,,,-00.000376400000,  24.80000,
,,,-00.000376000000,  24.80000,
,,,-00.000375600000,  24.80000,
,,,-00.000375200000,  26.40000,
,,,-00.000374800000,  24.80000,
,,,-00.000374400000,  25.60000,
,,,-00.000374000000,  25.60000,
,,,-00.000373600000,  25.60000,
,,,-00.000373200000,  24.80000,
,,,-00.000372800000,  25.60000,
,,,-00.000372400000,  24.80000,
,,,-00.000372000000,  26.40000,
,,,-00.000371600000,  24.80000,
,,,-00.000371200000,  25.60000,
,,,-00.000370800000,  24.80000,
,,,-00.000370400000,  26.40000,
,,,-00.000370000000,  24.00000,
,,,-00.000369600000,  25.60000,
,,,-00.000369200000,  25.60000,
,,,-00.000368800000,  24.80000,
,,,-00.000368400000,  24.80000,
,,,-00.000368000000,  25.60000,
,,,-00.000367600000,  24.80000,
,,,-00.000367200000,  25.60000,
,,,-00.000366800000,  25.60000,
,,,-00.000366400000,  25.60000,
,,,-00.000366000000,  24.80000,
,,,-00.000365600000,  24.80000,
,,,-00.000365200000,  24.80000,
,,,-00.000364800000,  25.60000,
,,,-00.000364400000,  24.00000,
,,,-00.000364000000,  24.80000,
,,,-00.000363600000,  24.80000,
,,,-00.000363200000,  24.80000,
,,,-00.000362800000,  25.60000,
,,,-00.000362400000,  24.00000,
,,,-00.000362000000,  24.80000,
,,,-00.000361600000,  24.80000,
,,,-00.000361200000,  24.80000,
,,,-00.000360800000,  25.60000,
,,,-00.000360400000,   4.00000,
,,,-00.000360000000,  -6.40000,
,,,-00.000359600000,  -9.60000,
,,,-00.000359200000, -12.80000,
,,,-00.000358800000, -13.60000,
,,,-00.000358400000, -17.60000,
,,,-00.000358000000, -16.00000,
,,,-00.000357600000, -16.80000,
,,,-00.000357200000, -16.80000,
,,,-00.000356800000, -16.80000,
,,,-00.000356400000, -17.60000,
,,,-00.000356000000, -16.80000,
,,,-00.000355600000, -16.80000,
,,,-00.000355200000, -16.80000,
,,,-00.000354800000, -16.80000,
,,,-00.000354400000, -16.80000,
,,,-00.000354000000, -17.60000,
,,,-00.000353600000, -16.80000,
,,,-00.000353200000, -16.80000,
,,,-00.000352800000, -16.80000,
,,,-00.000352400000, -16.00000,
,,,-00.000352000000, -17.60000,
,,,-00.000351600000, -16.00000,
,,,-00.000351200000, -17.60000,
,,,-00.000350800000, -16.80000,
,,,-00.000350400000, -16.00000,
,,,-00.000350000000, -17.60000,
,,,-00.000349600000, -16.80000,
,,,-00.000349200000, -16.80000,
,,,-00.000348800000, -16.80000,
,,,-00.000348400000, -17.60000,
,,,-00.000348000000, -16.00000,
,,,-00.000347600000, -16.00000,
,,,-00.000347200000, -16.00000,
,,,-00.000346800000, -16.00000,
,,,-00.000346400000, -16.80000,
,,,-00.000346000000, -16.80000,
,,,-00.000345600000, -16.80000,
,,,-00.000345200000, -16.80000,
,,,-00.000344800000, -16.00000,
,,,-00.000344400000, -16.80000,
,,,-00.000344000000, -16.80000,
,,,-00.000343600000, -17.60000,
,,,-00.000343200000, -16.80000,
,,,-00.000342800000, -16.80000,
,,,-00.000342400000, -16.80000,
,,,-00.000342000000, -16.80000,
,,,-00.000341600000, -16.00000,
,,,-00.000341200000, -16.80000,
,,,-00.000340800000, -16.80000,
,,,-00.000340400000, -16.80000,
,,,-00.000340000000, -16.80000,
,,,-00.000339600000, -16.00000,
,,,-00.000339200000, -16.80000,
,,,-00.000338800000, -16.80000,
,,,-00.000338400000, -16.00000,
,,,-00.000338000000, -16.80000,
,,,-00.000337600000, -16.80000,
,,,-00.000337200000, -16.80000,
,,,-00.000336800000, -16.80000,
,,,-00.000336400000, -16.80000,
,,,-00.000336000000, -16.00000,
,,,-00.000335600000, -16.80000,
,,,-00.000335200000, -17.60000,
,,,-00.000334800000, -16.80000,
,,,-00.000334400000, -16.00000,
,,,-00.000334000000, -16.80000,
,,,-00.000333600000, -16.80000,
,,,-00.000333200000, -16.80000,
,,,-00.000332800000, -16.00000,
,,,-00.000332400000, -16.00000,
,,,-00.000332000000, -16.80000,
,,,-00.000331600000, -16.80000,
,,,-00.000331200000, -16.80000,
,,,-00.000330800000, -16.80000,
,,,-00.000330400000, -17.60000,
,,,-00.000330000000, -16.80000,
,,,-00.000329600000, -16.00000,
,,,-00.000329200000, -16.80000,
,,,-00.000328800000, -16.80000,
,,,-00.000328400000, -16.00000,
,,,-00.000328000000, -16.00000,
,,,-00.000327600000, -16.80000,
,,,-00.000327200000, -16.00000,
,,,-00.000326800000, -16.00000,
,,,-00.000326400000, -16.00000,
,,,-00.000326000000, -17.60000,
,,,-00.000325600000, -17.60000,
,,,-00.000325200000, -17.60000,
,,,-00.000324800000, -16.80000,
,,,-00.000324400000, -16.00000,
,,,-00.000324000000, -16.00000,
,,,-00.000323600000, -16.80000,
,,,-00.000323200000, -16.80000,
,,,-00.000322800000, -16.80000,
,,,-00.000322400000, -17.60000,
,,,-00.000322000000, -16.80000,
,,,-00.000321600000, -16.00000,
,,,-00.000321200000, -16.80000,
,,,-00.000320800000, -15.20000,
,,,-00.000320400000, -16.00000,
,,,-00.000320000000, -16.00000,
,,,-00.000319600000, -16.80000,
,,,-00.000319200000, -16.00000,
,,,-00.000318800000, -17.60000,
,,,-00.000318400000, -16.80000,
,,,-00.000318000000, -16.80000,
,,,-00.000317600000, -16.80000,
,,,-00.000317200000, -16.80000,
,,,-00.000316800000, -16.80000,
,,,-00.000316400000, -16.80000,
,,,-00.000316000000, -16.80000,
,,,-00.000315600000, -16.80000,
,,,-00.000315200000, -15.20000,
,,,-00.000314800000, -16.80000,
,,,-00.000314400000, -16.80000,
,,,-00.000314000000, -16.80000,
,,,-00.000313600000, -15.20000,
,,,-00.000313200000, -16.00000,
,,,-00.000312800000, -15.20000,
,,,-00.000312400000, -16.80000,
,,,-00.000312000000, -16.00000,
,,,-00.000311600000, -16.80000,
,,,-00.000311200000, -16.00000,
,,,-00.000310800000, -16.00000,
,,,-00.000310400000, -16.00000,
,,,-00.000310000000, -16.80000,
,,,-00.000309600000, -16.80000,
,,,-00.000309200000, -17.60000,
,,,-00.000308800000, -16.80000,
,,,-00.000308400000, -16.00000,
,,,-00.000308000000, -16.00000,
,,,-00.000307600000, -16.00000,
,,,-00.000307200000, -16.00000,
,,,-00.000306800000, -16.00000,
,,,-00.000306400000, -16.80000,
,,,-00.000306000000, -16.80000,
,,,-00.000305600000, -16.00000,
,,,-00.000305200000, -16.00000,
,,,-00.000304800000, -16.00000,
,,,-00.000304400000, -16.00000,
,,,-00.000304000000, -16.80000,
,,,-00.000303600000, -16.00000,
,,,-00.000303200000, -16.00000,
,,,-00.000302800000, -17.60000,
,,,-00.000302400000, -16.80000,
,,,-00.000302000000, -16.00000,
,,,-00.000301600000, -16.00000,
,,,-00.000301200000, -15.20000,
,,,-00.000300800000, -17.60000,
,,,-00.000300400000, -16.00000,
,,,-00.000300000000, -16.80000,
,,,-00.000299600000, -16.80000,
,,,-00.000299200000, -16.00000,
,,,-00.000298800000, -16.80000,
,,,-00.000298400000, -16.80000,
,,,-00.000298000000, -16.80000,
,,,-00.000297600000, -16.00000,
,,,-00.000297200000, -16.00000,
,,,-00.000296800000, -17.60000,
,,,-00.000296400000, -16.00000,
,,,-00.000296000000, -16.80000,
,,,-00.000295600000, -16.80000,
,,,-00.000295200000, -16.80000,
,,,-00.000294800000, -15.20000,
,,,-00.000294400000, -16.00000,
,,,-00.000294000000, -17.60000,
,,,-00.000293600000, -16.00000,
,,,-00.000293200000, -16.00000,
,,,-00.000292800000, -16.00000,
,,,-00.000292400000, -16.00000,
,,,-00.000292000000, -16.00000,
,,,-00.000291600000, -16.80000,
,,,-00.000291200000, -15.20000,
,,,-00.000290800000, -16.80000,
,,,-00.000290400000, -16.80000,
,,,-00.000290000000, -16.80000,
,,,-00.000289600000, -16.80000,
,,,-00.000289200000, -16.80000,
,,,-00.000288800000, -15.20000,
,,,-00.000288400000, -16.80000,
,,,-00.000288000000, -16.00000,
,,,-00.000287600000, -16.00000,
,,,-00.000287200000, -16.00000,
,,,-00.000286800000, -15.20000,
,,,-00.000286400000, -16.00000,
,,,-00.000286000000, -16.00000,
,,,-00.000285600000, -16.80000,
,,,-00.000285200000, -16.80000,
,,,-00.000284800000, -16.00000,
,,,-00.000284400000, -15.20000,
,,,-00.000284000000, -16.00000,
,,,-00.000283600000, -16.00000,
,,,-00.000283200000, -16.00000,
,,,-00.000282800000, -17.60000,
,,,-00.000282400000, -16.80000,
,,,-00.000282000000, -15.20000,
,,,-00.000281600000, -16.00000,
,,,-00.000281200000, -15.20000,
,,,-00.000280800000, -16.80000,
,,,-00.000280400000, -15.20000,
,,,-00.000280000000, -16.80000,
,,,-00.000279600000, -15.20000,
,,,-00.000279200000, -17.60000,
,,,-00.000278800000, -16.00000,
,,,-00.000278400000, -16.00000,
,,,-00.000278000000, -16.00000,
,,,-00.000277600000, -16.00000,
,,,-00.000277200000, -16.00000,
,,,-00.000276800000, -16.00000,
,,,-00.000276400000, -16.00000,
,,,-00.000276000000, -16.00000,
,,,-00.000275600000, -16.00000,
,,,-00.000275200000, -16.80000,
,,,-00.000274800000, -16.80000,
,,,-00.000274400000, -16.80000,
,,,-00.000274000000, -16.00000,
,,,-00.000273600000, -16.80000,
,,,-00.000273200000, -16.00000,
,,,-00.000272800000, -16.00000,
,,,-00.000272400000, -16.80000,
,,,-00.000272000000, -17.60000,
,,,-00.000271600000, -16.00000,
,,,-00.000271200000, -16.00000,
,,,-00.000270800000, -16.00000,
,,,-00.000270400000, -16.80000,
,,,-00.000270000000, -16.80000,
,,,-00.000269600000, -16.80000,
,,,-00.000269200000, -16.80000,
,,,-00.000268800000, -16.00000,
,,,-00.000268400000, -15.20000,
,,,-00.000268000000, -15.20000,
,,,-00.000267600000, -16.00000,
,,,-00.000267200000, -16.00000,
,,,-00.000266800000, -16.80000,
,,,-00.000266400000, -16.00000,
,,,-00.000266000000, -16.80000,
,,,-00.000265600000, -16.00000,
,,,-00.000265200000, -16.00000,
,,,-00.000264800000, -16.80000,
,,,-00.000264400000, -17.60000,
,,,-00.000264000000, -16.00000,
,,,-00.000263600000, -16.00000,
,,,-00.000263200000, -16.00000,
,,,-00.000262800000, -16.80000,
,,,-00.000262400000, -15.20000,
,,,-00.000262000000, -16.00000,
,,,-00.000261600000, -15.20000,
,,,-00.000261200000, -16.00000,
,,,-00.000260800000, -16.00000,
,,,-00.000260400000, -16.00000,
,,,-00.000260000000, -16.00000,
,,,-00.000259600000, -16.80000,
,,,-00.000259200000, -16.80000,
,,,-00.000258800000, -15.20000,
,,,-00.000258400000, -16.00000,
,,,-00.000258000000, -16.00000,
,,,-00.000257600000, -15.20000,
,,,-00.000257200000, -16.80000,
,,,-00.000256800000, -16.00000,
,,,-00.000256400000, -15.20000,
,,,-00.000256000000, -16.80000,
,,,-00.000255600000, -16.00000,
,,,-00.000255200000, -16.00000,
,,,-00.000254800000, -16.00000,
,,,-00.000254400000, -16.80000,
,,,-00.000254000000, -16.80000,
,,,-00.000253600000, -15.20000,
,,,-00.000253200000, -15.20000,
,,,-00.000252800000, -14.40000,
,,,-00.000252400000,  -1.60000,
,,,-00.000252000000,  17.60000,
,,,-00.000251600000,  24.00000,
,,,-00.000251200000,  24.00000,
,,,-00.000250800000,  25.60000,
,,,-00.000250400000,  24.80000,
,,,-00.000250000000,  25.60000,
,,,-00.000249600000,  24.80000,
,,,-00.000249200000,  25.60000,
,,,-00.000248800000,  25.60000,
,,,-00.000248400000,  26.40000,
,,,-00.000248000000,  24.80000,
,,,-00.000247600000,  24.80000,
,,,-00.000247200000,  25.60000,
,,,-00.000246800000,  25.60000,
,,,-00.000246400000,  24.80000,
,,,-00.000246000000,  24.80000,
,,,-00.000245600000,  25.60000,
,,,-00.000245200000,  25.60000,
,,,-00.000244800000,  24.80000,
,,,-00.000244400000,  24.80000,
,,,-00.000244000000,  25.60000,
,,,-00.000243600000,  25.60000,
,,,-00.000243200000,  25.60000,
,,,-00.000242800000,  24.80000,
,,,-00.000242400000,  26.40000,
,,,-00.000242000000,  24.80000,
,,,-00.000241600000,  25.60000,
,,,-00.000241200000,  24.80000,
,,,-00.000240800000,  25.60000,
,,,-00.000240400000,  24.80000,
,,,-00.000240000000,  27.20000,
,,,-00.000239600000,  25.60000,
,,,-00.000239200000,  25.60000,
,,,-00.000238800000,  25.60000,
,,,-00.000238400000,  26.40000,
,,,-00.000238000000,  24.80000,
,,,-00.000237600000,  25.60000,
,,,-00.000237200000,  24.80000,
,,,-00.000236800000,  25.60000,
,,,-00.000236400000,  25.60000,
,,,-00.000236000000,  24.80000,
,,,-00.000235600000,  25.60000,
,,,-00.000235200000,  24.80000,
,,,-00.000234800000,  25.60000,
,,,-00.000234400000,  25.60000,
,,,-00.000234000000,  25.60000,
,,,-00.000233600000,  25.60000,
,,,-00.000233200000,  24.80000,
,,,-00.000232800000,  25.60000,
,,,-00.000232400000,  25.60000,
,,,-00.000232000000,  25.60000,
,,,-00.000231600000,  25.60000,
,,,-00.000231200000,  25.60000,
,,,-00.000230800000,  25.60000,
,,,-00.000230400000,  25.60000,
,,,-00.000230000000,  25.60000,
,,,-00.000229600000,  24.80000,
,,,-00.000229200000,  25.60000,
,,,-00.000228800000,  25.60000,
,,,-00.000228400000,  26.40000,
,,,-00.000228000000,  24.80000,
,,,-00.000227600000,  24.80000,
,,,-00.000227200000,  25.60000,
,,,-00.000226800000,  27.20000,
,,,-00.000226400000,  24.80000,
,,,-00.000226000000,  25.60000,
,,,-00.000225600000,  24.80000,
,,,-00.000225200000,  25.60000,
,,,-00.000224800000,  25.60000,
,,,-00.000224400000,  25.60000,
,,,-00.000224000000,  24.80000,
,,,-00.000223600000,  24.80000,
,,,-00.000223200000,  25.60000,
,,,-00.000222800000,  25.60000,
,,,-00.000222400000,  25.60000,
,,,-00.000222000000,  26.40000,
,,,-00.000221600000,  24.80000,
,,,-00.000221200000,  25.60000,
,,,-00.000220800000,  24.80000,
,,,-00.000220400000,  24.80000,
,,,-00.000220000000,  25.60000,
,,,-00.000219600000,  24.80000,
,,,-00.000219200000,  24.80000,
,,,-00.000218800000,  25.60000,
,,,-00.000218400000,  26.40000,
,,,-00.000218000000,  24.80000,
,,,-00.000217600000,  24.00000,
,,,-00.000217200000,  25.60000,
,,,-00.000216800000,  25.60000,
,,,-00.000216400000,  25.60000,
,,,-00.000216000000,  24.80000,
,,,-00.000215600000,  26.40000,
,,,-00.000215200000,  26.40000,
,,,-00.000214800000,  24.80000,
,,,-00.000214400000,  25.60000,
,,,-00.000214000000,  25.60000,
,,,-00.000213600000,  25.60000,
,,,-00.000213200000,  24.00000,
,,,-00.000212800000,  25.60000,
,,,-00.000212400000,  24.80000,
,,,-00.000212000000,  27.20000,
,,,-00.000211600000,  24.80000,
,,,-00.000211200000,  26.40000,
,,,-00.000210800000,  24.80000,
,,,-00.000210400000,  26.40000,
,,,-00.000210000000,  24.80000,
,,,-00.000209600000,  24.80000,
,,,-00.000209200000,  25.60000,
,,,-00.000208800000,  26.40000,
,,,-00.000208400000,  24.80000,
,,,-00.000208000000,  26.40000,
,,,-00.000207600000,  24.80000,
,,,-00.000207200000,  24.80000,
,,,-00.000206800000,  24.80000,
,,,-00.000206400000,  24.80000,
,,,-00.000206000000,  24.80000,
,,,-00.000205600000,  26.40000,
,,,-00.000205200000,  24.80000,
,,,-00.000204800000,  24.80000,
,,,-00.000204400000,  24.80000,
,,,-00.000204000000,  25.60000,
,,,-00.000203600000,  25.60000,
,,,-00.000203200000,  24.80000,
,,,-00.000202800000,  25.60000,
,,,-00.000202400000,  25.60000,
,,,-00.000202000000,  26.40000,
,,,-00.000201600000,  24.80000,
,,,-00.000201200000,  26.40000,
,,,-00.000200800000,  24.80000,
,,,-00.000200400000,  26.40000,
,,,-00.000200000000,  24.00000,
,,,-00.000199600000,  24.80000,
,,,-00.000199200000,  25.60000,
,,,-00.000198800000,  26.40000,
,,,-00.000198400000,  24.00000,
,,,-00.000198000000,  24.80000,
,,,-00.000197600000,  25.60000,
,,,-00.000197200000,  25.60000,
,,,-00.000196800000,  24.80000,
,,,-00.000196400000,  25.60000,
,,,-00.000196000000,  24.80000,
,,,-00.000195600000,  24.80000,
,,,-00.000195200000,  24.80000,
,,,-00.000194800000,  25.60000,
,,,-00.000194400000,  24.80000,
,,,-00.000194000000,  25.60000,
,,,-00.000193600000,  24.00000,
,,,-00.000193200000,  24.80000,
,,,-00.000192800000,  26.40000,
,,,-00.000192400000,  25.60000,
,,,-00.000192000000,  24.80000,
,,,-00.000191600000,  24.80000,
,,,-00.000191200000,  24.80000,
,,,-00.000190800000,  25.60000,
,,,-00.000190400000,  24.80000,
,,,-00.000190000000,  24.80000,
,,,-00.000189600000,  26.40000,
,,,-00.000189200000,  25.60000,
,,,-00.000188800000,  25.60000,
,,,-00.000188400000,  24.00000,
,,,-00.000188000000,  25.60000,
,,,-00.000187600000,  24.00000,
,,,-00.000187200000,  26.40000,
,,,-00.000186800000,  24.80000,
,,,-00.000186400000,  24.80000,
,,,-00.000186000000,  24.00000,
,,,-00.000185600000,  25.60000,
,,,-00.000185200000,  24.80000,
,,,-00.000184800000,  25.60000,
,,,-00.000184400000,  25.60000,
,,,-00.000184000000,  24.80000,
,,,-00.000183600000,  24.80000,
,,,-00.000183200000,  25.60000,
,,,-00.000182800000,  24.00000,
,,,-00.000182400000,  25.60000,
,,,-00.000182000000,  24.00000,
,,,-00.000181600000,  25.60000,
,,,-00.000181200000,  24.80000,
,,,-00.000180800000,  24.00000,
,,,-00.000180400000,  24.00000,
,,,-00.000180000000,  25.60000,
,,,-00.000179600000,  24.80000,
,,,-00.000179200000,  24.80000,
,,,-00.000178800000,   4.80000,
,,,-00.000178400000,  -4.80000,
,,,-00.000178000000, -10.40000,
,,,-00.000177600000, -12.00000,
,,,-00.000177200000, -13.60000,
,,,-00.000176800000, -16.80000,
,,,-00.000176400000, -16.80000,
,,,-00.000176000000, -16.80000,
,,,-00.000175600000, -16.80000,
,,,-00.000175200000, -17.60000,
,,,-00.000174800000, -16.80000,
,,,-00.000174400000, -16.80000,
,,,-00.000174000000, -16.00000,
,,,-00.000173600000, -16.80000,
,,,-00.000173200000, -16.00000,
,,,-00.000172800000, -17.60000,
,,,-00.000172400000, -16.80000,
,,,-00.000172000000, -16.80000,
,,,-00.000171600000, -16.00000,
,,,-00.000171200000, -16.80000,
,,,-00.000170800000, -16.80000,
,,,-00.000170400000, -17.60000,
,,,-00.000170000000, -16.00000,
,,,-00.000169600000, -16.00000,
,,,-00.000169200000, -16.00000,
,,,-00.000168800000, -16.00000,
,,,-00.000168400000, -16.80000,
,,,-00.000168000000, -16.80000,
,,,-00.000167600000, -16.80000,
,,,-00.000167200000, -17.60000,
,,,-00.000166800000, -16.80000,
,,,-00.000166400000, -16.80000,
,,,-00.000166000000, -16.80000,
,,,-00.000165600000, -16.00000,
,,,-00.000165200000, -17.60000,
,,,-00.000164800000, -17.60000,
,,,-00.000164400000, -17.60000,
,,,-00.000164000000, -17.60000,
,,,-00.000163600000, -16.80000,
,,,-00.000163200000, -16.80000,
,,,-00.000162800000, -16.80000,
,,,-00.000162400000, -16.80000,
,,,-00.000162000000, -16.00000,
,,,-00.000161600000, -16.00000,
,,,-00.000161200000, -16.80000,
,,,-00.000160800000, -15.20000,
,,,-00.000160400000, -16.80000,
,,,-00.000160000000, -16.80000,
,,,-00.000159600000, -16.80000,
,,,-00.000159200000, -16.80000,
,,,-00.000158800000, -16.00000,
,,,-00.000158400000, -17.60000,
,,,-00.000158000000, -17.60000,
,,,-00.000157600000, -16.80000,
,,,-00.000157200000, -16.80000,
,,,-00.000156800000, -16.80000,
,,,-00.000156400000, -17.60000,
,,,-00.000156000000, -17.60000,
,,,-00.000155600000, -16.80000,
,,,-00.000155200000, -16.00000,
,,,-00.000154800000, -16.80000,
,,,-00.000154400000, -16.00000,
,,,-00.000154000000, -17.60000,
,,,-00.000153600000, -17.60000,
,,,-00.000153200000, -17.60000,
,,,-00.000152800000, -16.80000,
,,,-00.000152400000, -16.80000,
,,,-00.000152000000, -16.80000,
,,,-00.000151600000, -16.80000,
,,,-00.000151200000, -16.80000,
,,,-00.000150800000, -16.80000,
,,,-00.000150400000, -17.60000,
,,,-00.000150000000, -16.00000,
,,,-00.000149600000, -16.00000,
,,,-00.000149200000, -16.00000,
,,,-00.000148800000, -16.80000,
,,,-00.000148400000, -16.80000,
,,,-00.000148000000, -16.80000,
,,,-00.000147600000, -17.60000,
,,,-00.000147200000, -16.80000,
,,,-00.000146800000, -16.80000,
,,,-00.000146400000, -16.80000,
,,,-00.000146000000, -16.80000,
,,,-00.000145600000, -17.60000,
,,,-00.000145200000, -16.80000,
,,,-00.000144800000, -16.80000,
,,,-00.000144400000, -17.60000,
,,,-00.000144000000, -16.00000,
,,,-00.000143600000, -16.00000,
,,,-00.000143200000, -16.80000,
,,,-00.000142800000, -15.20000,
,,,-00.000142400000, -17.60000,
,,,-00.000142000000, -16.80000,
,,,-00.000141600000, -16.80000,
,,,-00.000141200000, -16.00000,
,,,-00.000140800000, -16.80000,
,,,-00.000140400000, -16.00000,
,,,-00.000140000000, -16.80000,
,,,-00.000139600000, -17.60000,
,,,-00.000139200000, -16.00000,
,,,-00.000138800000, -16.80000,
,,,-00.000138400000, -16.80000,
,,,-00.000138000000, -16.00000,
,,,-00.000137600000, -16.80000,
,,,-00.000137200000, -17.60000,
,,,-00.000136800000, -16.80000,
,,,-00.000136400000, -16.00000,
,,,-00.000136000000, -16.80000,
,,,-00.000135600000, -17.60000,
,,,-00.000135200000, -16.80000,
,,,-00.000134800000, -16.00000,
,,,-00.000134400000, -15.20000,
,,,-00.000134000000, -16.80000,
,,,-00.000133600000, -16.80000,
,,,-00.000133200000, -16.80000,
,,,-00.000132800000, -16.00000,
,,,-00.000132400000, -16.80000,
,,,-00.000132000000, -16.00000,
,,,-00.000131600000, -16.80000,
,,,-00.000131200000, -16.80000,
,,,-00.000130800000, -16.80000,
,,,-00.000130400000, -16.00000,
,,,-00.000130000000, -16.80000,
,,,-00.000129600000, -16.00000,
,,,-00.000129200000, -16.00000,
,,,-00.000128800000, -16.00000,
,,,-00.000128400000, -16.80000,
,,,-00.000128000000, -16.80000,
,,,-00.000127600000, -16.80000,
,,,-00.000127200000, -16.80000,
,,,-00.000126800000, -16.80000,
,,,-00.000126400000, -16.80000,
,,,-00.000126000000, -16.80000,
,,,-00.000125600000, -16.00000,
,,,-00.000125200000, -16.80000,
,,,-00.000124800000, -16.80000,
,,,-00.000124400000, -16.80000,
,,,-00.000124000000, -16.00000,
,,,-00.000123600000, -16.00000,
,,,-00.000123200000, -15.20000,
,,,-00.000122800000, -16.00000,
,,,-00.000122400000, -16.00000,
,,,-00.000122000000, -16.00000,
,,,-00.000121600000, -16.80000,
,,,-00.000121200000, -15.20000,
,,,-00.000120800000, -16.80000,
,,,-00.000120400000, -16.80000,
,,,-00.000120000000, -16.80000,
,,,-00.000119600000, -16.80000,
,,,-00.000119200000, -16.00000,
,,,-00.000118800000, -16.80000,
,,,-00.000118400000, -16.80000,
,,,-00.000118000000, -16.80000,
,,,-00.000117600000, -16.80000,
,,,-00.000117200000, -16.00000,
,,,-00.000116800000, -16.80000,
,,,-00.000116400000, -16.80000,
,,,-00.000116000000, -16.80000,
,,,-00.000115600000, -16.80000,
,,,-00.000115200000, -16.00000,
,,,-00.000114800000, -15.20000,
,,,-00.000114400000, -16.00000,
,,,-00.000114000000, -16.80000,
,,,-00.000113600000, -16.80000,
,,,-00.000113200000, -15.20000,
,,,-00.000112800000, -16.80000,
,,,-00.000112400000, -16.80000,
,,,-00.000112000000, -16.80000,
,,,-00.000111600000, -16.00000,
,,,-00.000111200000, -16.80000,
,,,-00.000110800000, -16.00000,
,,,-00.000110400000, -16.00000,
,,,-00.000110000000, -16.00000,
,,,-00.000109600000, -16.80000,
,,,-00.000109200000, -16.00000,
,,,-00.000108800000, -16.00000,
,,,-00.000108400000, -16.00000,
,,,-00.000108000000, -16.00000,
,,,-00.000107600000, -16.80000,
,,,-00.000107200000, -16.80000,
,,,-00.000106800000, -16.80000,
,,,-00.000106400000, -16.00000,
,,,-00.000106000000, -17.60000,
,,,-00.000105600000, -16.80000,
,,,-00.000105200000, -16.80000,
,,,-00.000104800000, -16.00000,
,,,-00.000104400000, -16.00000,
,,,-00.000104000000, -15.20000,
,,,-00.000103600000, -16.00000,
,,,-00.000103200000, -16.00000,
,,,-00.000102800000, -16.80000,
,,,-00.000102400000, -16.00000,
,,,-00.000102000000, -16.00000,
,,,-00.000101600000, -16.00000,
,,,-00.000101200000, -16.80000,
,,,-00.000100800000, -16.00000,
,,,-00.000100400000, -16.80000,
,,,-00.000100000000, -16.80000,
,,,-00.000099600000, -16.00000,
,,,-00.000099200000, -16.00000,
,,,-00.000098800000, -16.00000,
,,,-00.000098400000, -16.00000,
,,,-00.000098000000, -16.00000,
,,,-00.000097600000, -16.80000,
,,,-00.000097200000, -16.00000,
,,,-00.000096800000, -16.00000,
,,,-00.000096400000, -16.80000,
,,,-00.000096000000, -16.80000,
,,,-00.000095600000, -16.80000,
,,,-00.000095200000, -15.20000,
,,,-00.000094800000, -15.20000,
,,,-00.000094400000, -16.80000,
,,,-00.000094000000, -16.00000,
,,,-00.000093600000, -16.80000,
,,,-00.000093200000, -16.00000,
,,,-00.000092800000, -16.80000,
,,,-00.000092400000, -15.20000,
,,,-00.000092000000, -16.00000,
,,,-00.000091600000, -16.80000,
,,,-00.000091200000, -16.00000,
,,,-00.000090800000, -16.00000,
,,,-00.000090400000, -16.80000,
,,,-00.000090000000, -15.20000,
,,,-00.000089600000, -15.20000,
,,,-00.000089200000, -16.00000,
,,,-00.000088800000, -16.80000,
,,,-00.000088400000, -16.80000,
,,,-00.000088000000, -16.00000,
,,,-00.000087600000, -16.80000,
,,,-00.000087200000, -16.80000,
,,,-00.000086800000, -15.20000,
,,,-00.000086400000, -16.00000,
,,,-00.000086000000, -16.00000,
,,,-00.000085600000, -15.20000,
,,,-00.000085200000, -16.80000,
,,,-00.000084800000, -16.80000,
,,,-00.000084400000, -16.00000,
,,,-00.000084000000, -15.20000,
,,,-00.000083600000, -15.20000,
,,,-00.000083200000, -15.20000,
,,,-00.000082800000, -16.00000,
,,,-00.000082400000, -16.00000,
,,,-00.000082000000, -16.80000,
,,,-00.000081600000, -15.20000,
,,,-00.000081200000, -16.80000,
,,,-00.000080800000, -16.00000,
,,,-00.000080400000, -16.00000,
,,,-00.000080000000, -16.80000,
,,,-00.000079600000, -15.20000,
,,,-00.000079200000, -16.80000,
,,,-00.000078800000, -16.00000,
,,,-00.000078400000, -16.00000,
,,,-00.000078000000, -16.80000,
,,,-00.000077600000, -15.20000,
,,,-00.000077200000, -16.00000,
,,,-00.000076800000, -16.80000,
,,,-00.000076400000, -16.80000,
,,,-00.000076000000, -15.20000,
,,,-00.000075600000, -15.20000,
,,,-00.000075200000, -15.20000,
,,,-00.000074800000, -16.00000,
,,,-00.000074400000, -16.00000,
,,,-00.000074000000, -16.80000,
,,,-00.000073600000, -15.20000,
,,,-00.000073200000, -15.20000,
,,,-00.000072800000, -16.00000,
,,,-00.000072400000, -16.00000,
,,,-00.000072000000, -16.00000,
,,,-00.000071600000, -16.80000,
,,,-00.000071200000, -15.20000,
,,,-00.000070800000,  -0.80000,
,,,-00.000070400000,  16.80000,
,,,-00.000070000000,  24.80000,
,,,-00.000069600000,  25.60000,
,,,-00.000069200000,  25.60000,
,,,-00.000068800000,  24.80000,
,,,-00.000068400000,  26.40000,
,,,-00.000068000000,  24.00000,
,,,-00.000067600000,  24.80000,
,,,-00.000067200000,  25.60000,
,,,-00.000066800000,  26.40000,
,,,-00.000066400000,  24.80000,
,,,-00.000066000000,  25.60000,
,,,-00.000065600000,  25.60000,
,,,-00.000065200000,  25.60000,
,,,-00.000064800000,  24.80000,
,,,-00.000064400000,  25.60000,
,,,-00.000064000000,  24.80000,
,,,-00.000063600000,  25.60000,
,,,-00.000063200000,  24.80000,
,,,-00.000062800000,  25.60000,
,,,-00.000062400000,  24.80000,
,,,-00.000062000000,  24.80000,
,,,-00.000061600000,  25.60000,
,,,-00.000061200000,  26.40000,
,,,-00.000060800000,  24.80000,
,,,-00.000060400000,  25.60000,
,,,-00.000060000000,  25.60000,
,,,-00.000059600000,  25.60000,
,,,-00.000059200000,  24.80000,
,,,-00.000058800000,  24.80000,
,,,-00.000058400000,  26.40000,
,,,-00.000058000000,  24.80000,
,,,-00.000057600000,  25.60000,
,,,-00.000057200000,  25.60000,
,,,-00.000056800000,  26.40000,
,,,-00.000056400000,  24.80000,
,,,-00.000056000000,  25.60000,
,,,-00.000055600000,  25.60000,
,,,-00.000055200000,  26.40000,
,,,-00.000054800000,  24.80000,
,,,-00.000054400000,  26.40000,
,,,-00.000054000000,  25.60000,
,,,-00.000053600000,  26.40000,
,,,-00.000053200000,  24.00000,
,,,-00.000052800000,  26.40000,
,,,-00.000052400000,  25.60000,
,,,-00.000052000000,  26.40000,
,,,-00.000051600000,  25.60000,
,,,-00.000051200000,  25.60000,
,,,-00.000050800000,  25.60000,
,,,-00.000050400000,  26.40000,
,,,-00.000050000000,  25.60000,
,,,-00.000049600000,  26.40000,
,,,-00.000049200000,  24.80000,
,,,-00.000048800000,  26.40000,
,,,-00.000048400000,  24.80000,
,,,-00.000048000000,  25.60000,
,,,-00.000047600000,  24.80000,
,,,-00.000047200000,  25.60000,
,,,-00.000046800000,  26.40000,
,,,-00.000046400000,  24.80000,
,,,-00.000046000000,  24.80000,
,,,-00.000045600000,  25.60000,
,,,-00.000045200000,  25.60000,
,,,-00.000044800000,  24.80000,
,,,-00.000044400000,  25.60000,
,,,-00.000044000000,  25.60000,
,,,-00.000043600000,  26.40000,
,,,-00.000043200000,  24.80000,
,,,-00.000042800000,  25.60000,
,,,-00.000042400000,  24.80000,
,,,-00.000042000000,  26.40000,
,,,-00.000041600000,  25.60000,
,,,-00.000041200000,  25.60000,
,,,-00.000040800000,  26.40000,
,,,-00.000040400000,  25.60000,
,,,-00.000040000000,  24.80000,
,,,-00.000039600000,  24.80000,
,,,-00.000039200000,  26.40000,
,,,-00.000038800000,  26.40000,
,,,-00.000038400000,  24.80000,
,,,-00.000038000000,  25.60000,
,,,-00.000037600000,  25.60000,
,,,-00.000037200000,  25.60000,
,,,-00.000036800000,  24.80000,
,,,-00.000036400000,  24.80000,
,,,-00.000036000000,  25.60000,
,,,-00.000035600000,  25.60000,
,,,-00.000035200000,  24.00000,
,,,-00.000034800000,  24.80000,
,,,-00.000034400000,  25.60000,
,,,-00.000034000000,  25.60000,
,,,-00.000033600000,  25.60000,
,,,-00.000033200000,  24.80000,
,,,-00.000032800000,  24.80000,
,,,-00.000032400000,  25.60000,
,,,-00.000032000000,  25.60000,
,,,-00.000031600000,  25.60000,
,,,-00.000031200000,  24.80000,
,,,-00.000030800000,  26.40000,
,,,-00.000030400000,  26.40000,
,,,-00.000030000000,  24.80000,
,,,-00.000029600000,  25.60000,
,,,-00.000029200000,  25.60000,
,,,-00.000028800000,  26.40000,
,,,-00.000028400000,  24.80000,
,,,-00.000028000000,  24.80000,
,,,-00.000027600000,  25.60000,
,,,-00.000027200000,  26.40000,
,,,-00.000026800000,  24.80000,
,,,-00.000026400000,  25.60000,
,,,-00.000026000000,  25.60000,
,,,-00.000025600000,  25.60000,
,,,-00.000025200000,  24.80000,
,,,-00.000024800000,  25.60000,
,,,-00.000024400000,  24.80000,
,,,-00.000024000000,  26.40000,
,,,-00.000023600000,  24.80000,
,,,-00.000023200000,  25.60000,
,,,-00.000022800000,  24.80000,
,,,-00.000022400000,  25.60000,
,,,-00.000022000000,  24.80000,
,,,-00.000021600000,  25.60000,
,,,-00.000021200000,  25.60000,
,,,-00.000020800000,  24.80000,
,,,-00.000020400000,  25.60000,
,,,-00.000020000000,  24.80000,
,,,-00.000019600000,  24.80000,
,,,-00.000019200000,  25.60000,
,,,-00.000018800000,  25.60000,
,,,-00.000018400000,  25.60000,
,,,-00.000018000000,  25.60000,
,,,-00.000017600000,  25.60000,
,,,-00.000017200000,  25.60000,
,,,-00.000016800000,  24.80000,
,,,-00.000016400000,  26.40000,
,,,-00.000016000000,  25.60000,
,,,-00.000015600000,  25.60000,
,,,-00.000015200000,  24.80000,
,,,-00.000014800000,  26.40000,
,,,-00.000014400000,  25.60000,
,,,-00.000014000000,  25.60000,
,,,-00.000013600000,  24.00000,
,,,-00.000013200000,  26.40000,
,,,-00.000012800000,  25.60000,
,,,-00.000012400000,  25.60000,
,,,-00.000012000000,  25.60000,
,,,-00.000011600000,  25.60000,
,,,-00.000011200000,  25.60000,
,,,-00.000010800000,  26.40000,
,,,-00.000010400000,  25.60000,
,,,-00.000010000000,  26.40000,
,,,-00.000009600000,  25.60000,
,,,-00.000009200000,  25.60000,
,,,-00.000008800000,  24.80000,
,,,-00.000008400000,  24.80000,
,,,-00.000008000000,  24.80000,
,,,-00.000007600000,  25.60000,
,,,-00.000007200000,  25.60000,
,,,-00.000006800000,  24.80000,
,,,-00.000006400000,  25.60000,
,,,-00.000006000000,  24.80000,
,,,-00.000005600000,  25.60000,
,,,-00.000005200000,  25.60000,
,,,-00.000004800000,  24.80000,
,,,-00.000004400000,  25.60000,
,,,-00.000004000000,  26.40000,
,,,-00.000003600000,  24.00000,
,,,-00.000003200000,  25.60000,
,,,-00.000002800000,  24.00000,
,,,-00.000002400000,  26.40000,
,,,-00.000002000000,  24.80000,
,,,-00.000001600000,  25.60000,
,,,-00.000001200000,  25.60000,
,,,-00.000000800000,  24.80000,
,,,-00.000000400000,  24.80000,
,,,-00.000000000000,  24.80000,
,,,00.000000400000,  25.60000,
,,,00.000000800000,  24.80000,
,,,00.000001200000,  24.80000,
,,,00.000001600000,  25.60000,
,,,00.000002000000,  24.80000,
,,,00.000002400000,  26.40000,
,,,00.000002800000,   4.00000,
,,,00.000003200000,  -4.80000,
,,,00.000003600000,  -9.60000,
,,,00.000004000000, -12.00000,
,,,00.000004400000, -14.40000,
,,,00.000004800000, -15.20000,
,,,00.000005200000, -17.60000,
,,,00.000005600000, -16.00000,
,,,00.000006000000, -16.00000,
,,,00.000006400000, -16.80000,
,,,00.000006800000, -16.00000,
,,,00.000007200000, -16.80000,
,,,00.000007600000, -16.00000,
,,,00.000008000000, -16.00000,
,,,00.000008400000, -16.00000,
,,,00.000008800000, -16.80000,
,,,00.000009200000, -16.00000,
,,,00.000009600000, -17.60000,
,,,00.000010000000, -16.80000,
,,,00.000010400000, -16.80000,
,,,00.000010800000, -16.00000,
,,,00.000011200000, -16.80000,
,,,00.000011600000, -16.00000,
,,,00.000012000000, -16.80000,
,,,00.000012400000, -16.80000,
,,,00.000012800000, -17.60000,
,,,00.000013200000, -16.80000,
,,,00.000013600000, -16.80000,
,,,00.000014000000, -16.00000,
,,,00.000014400000, -16.80000,
,,,00.000014800000, -16.80000,
,,,00.000015200000, -16.00000,
,,,00.000015600000, -16.80000,
,,,00.000016000000, -17.60000,
,,,00.000016400000, -16.80000,
,,,00.000016800000, -16.80000,
,,,00.000017200000, -16.80000,
,,,00.000017600000, -17.60000,
,,,00.000018000000, -16.00000,
,,,00.000018400000, -16.00000,
,,,00.000018800000, -17.60000,
,,,00.000019200000, -16.80000,
,,,00.000019600000, -16.80000,
,,,00.000020000000, -16.00000,
,,,00.000020400000, -16.80000,
,,,00.000020800000, -16.00000,
,,,00.000021200000, -17.60000,
,,,00.000021600000, -16.80000,
,,,00.000022000000, -16.00000,
,,,00.000022400000, -16.80000,
,,,00.000022800000, -16.80000,
,,,00.000023200000, -16.00000,
,,,00.000023600000, -16.00000,
,,,00.000024000000, -16.80000,
,,,00.000024400000, -16.80000,
,,,00.000024800000, -16.80000,
,,,00.000025200000, -16.80000,
,,,00.000025600000, -15.20000,
,,,00.000026000000, -16.80000,
,,,00.000026400000, -16.80000,
,,,00.000026800000, -16.80000,
,,,00.000027200000, -16.80000,
,,,00.000027600000, -16.80000,
,,,00.000028000000, -16.00000,
,,,00.000028400000, -16.80000,
,,,00.000028800000, -16.80000,
,,,00.000029200000, -16.80000,
,,,00.000029600000, -16.00000,
,,,00.000030000000, -16.00000,
,,,00.000030400000, -17.60000,
,,,00.000030800000, -17.60000,
,,,00.000031200000, -17.60000,
,,,00.000031600000, -17.60000,
,,,00.000032000000, -16.80000,
,,,00.000032400000, -16.80000,
,,,00.000032800000, -16.80000,
,,,00.000033200000, -16.00000,
,,,00.000033600000, -16.80000,
,,,00.000034000000, -16.80000,
,,,00.000034400000, -16.80000,
,,,00.000034800000, -16.00000,
,,,00.000035200000, -16.80000,
,,,00.000035600000, -16.00000,
,,,00.000036000000, -16.00000,
,,,00.000036400000, -16.80000,
,,,00.000036800000, -17.60000,
,,,00.000037200000, -16.00000,
,,,00.000037600000, -17.60000,
,,,00.000038000000, -16.80000,
,,,00.000038400000, -16.80000,
,,,00.000038800000, -15.20000,
,,,00.000039200000, -16.80000,
,,,00.000039600000, -16.80000,
,,,00.000040000000, -16.80000,
,,,00.000040400000, -16.80000,
,,,00.000040800000, -16.80000,
,,,00.000041200000, -16.00000,
,,,00.000041600000, -16.00000,
,,,00.000042000000, -17.60000,
,,,00.000042400000, -16.80000,
,,,00.000042800000, -16.80000,
,,,00.000043200000, -16.80000,
,,,00.000043600000, -16.00000,
,,,00.000044000000, -16.80000,
,,,00.000044400000, -16.80000,
,,,00.000044800000, -16.80000,
,,,00.000045200000, -16.00000,
,,,00.000045600000, -16.80000,
,,,00.000046000000, -16.00000,
,,,00.000046400000, -17.60000,
,,,00.000046800000, -16.00000,
,,,00.000047200000, -17.60000,
,,,00.000047600000, -16.80000,
,,,00.000048000000, -16.80000,
,,,00.000048400000, -15.20000,
,,,00.000048800000, -15.20000,
,,,00.000049200000, -16.00000,
,,,00.000049600000, -16.80000,
,,,00.000050000000, -16.80000,
,,,00.000050400000, -16.80000,
,,,00.000050800000, -16.80000,
,,,00.000051200000, -16.00000,
,,,00.000051600000, -17.60000,
,,,00.000052000000, -16.80000,
,,,00.000052400000, -17.60000,
,,,00.000052800000, -15.20000,
,,,00.000053200000, -16.00000,
,,,00.000053600000, -16.80000,
,,,00.000054000000, -16.80000,
,,,00.000054400000, -16.00000,
,,,00.000054800000, -16.80000,
,,,00.000055200000, -16.00000,
,,,00.000055600000, -16.80000,
,,,00.000056000000, -16.80000,
,,,00.000056400000, -17.60000,
,,,00.000056800000, -16.80000,
,,,00.000057200000, -16.80000,
,,,00.000057600000, -17.60000,
,,,00.000058000000, -16.80000,
,,,00.000058400000, -16.00000,
,,,00.000058800000, -16.80000,
,,,00.000059200000, -16.00000,
,,,00.000059600000, -17.60000,
,,,00.000060000000, -16.00000,
,,,00.000060400000, -16.00000,
,,,00.000060800000, -17.60000,
,,,00.000061200000, -16.00000,
,,,00.000061600000, -15.20000,
,,,00.000062000000, -15.20000,
,,,00.000062400000, -16.80000,
,,,00.000062800000, -16.80000,
,,,00.000063200000, -16.00000,
,,,00.000063600000, -16.00000,
,,,00.000064000000, -16.00000,
,,,00.000064400000, -15.20000,
,,,00.000064800000, -16.80000,
,,,00.000065200000, -16.00000,
,,,00.000065600000, -17.60000,
,,,00.000066000000, -15.20000,
,,,00.000066400000, -16.00000,
,,,00.000066800000, -16.80000,
,,,00.000067200000, -17.60000,
,,,00.000067600000, -16.00000,
,,,00.000068000000, -16.00000,
,,,00.000068400000, -16.00000,
,,,00.000068800000, -16.00000,
,,,00.000069200000, -16.80000,
,,,00.000069600000, -16.00000,
,,,00.000070000000, -16.00000,
,,,00.000070400000, -16.80000,
,,,00.000070800000, -16.80000,
,,,00.000071200000, -16.80000,
,,,00.000071600000, -15.20000,
,,,00.000072000000, -16.00000,
,,,00.000072400000, -16.00000,
,,,00.000072800000, -16.00000,
,,,00.000073200000, -16.80000,
,,,00.000073600000, -16.80000,
,,,00.000074000000, -16.00000,
,,,00.000074400000, -15.20000,
,,,00.000074800000, -16.00000,
,,,00.000075200000, -16.00000,
,,,00.000075600000, -16.00000,
,,,00.000076000000, -16.00000,
,,,00.000076400000, -16.80000,
,,,00.000076800000, -15.20000,
,,,00.000077200000, -16.80000,
,,,00.000077600000, -16.80000,
,,,00.000078000000, -16.80000,
,,,00.000078400000, -16.00000,
,,,00.000078800000, -16.80000,
,,,00.000079200000, -16.00000,
,,,00.000079600000, -16.00000,
,,,00.000080000000, -16.80000,
,,,00.000080400000, -16.80000,
,,,00.000080800000, -15.20000,
,,,00.000081200000, -15.20000,
,,,00.000081600000, -16.80000,
,,,00.000082000000, -16.80000,
,,,00.000082400000, -16.00000,
,,,00.000082800000, -16.80000,
,,,00.000083200000, -16.00000,
,,,00.000083600000, -16.80000,
,,,00.000084000000, -16.00000,
,,,00.000084400000, -16.00000,
,,,00.000084800000, -15.20000,
,,,00.000085200000, -16.00000,
,,,00.000085600000, -16.80000,
,,,00.000086000000, -16.80000,
,,,00.000086400000, -16.80000,
,,,00.000086800000, -16.80000,
,,,00.000087200000, -16.00000,
,,,00.000087600000, -15.20000,
,,,00.000088000000, -16.00000,
,,,00.000088400000, -15.20000,
,,,00.000088800000, -16.00000,
,,,00.000089200000, -16.80000,
,,,00.000089600000, -16.80000,
,,,00.000090000000, -16.00000,
,,,00.000090400000, -16.80000,
,,,00.000090800000, -16.80000,
,,,00.000091200000, -16.80000,
,,,00.000091600000, -16.00000,
,,,00.000092000000, -16.80000,
,,,00.000092400000, -16.00000,
,,,00.000092800000, -16.00000,
,,,00.000093200000, -16.00000,
,,,00.000093600000, -16.00000,
,,,00.000094000000, -16.00000,
,,,00.000094400000, -16.80000,
,,,00.000094800000, -15.20000,
,,,00.000095200000, -16.80000,
,,,00.000095600000, -16.00000,
,,,00.000096000000, -16.80000,
,,,00.000096400000, -16.00000,
,,,00.000096800000, -16.80000,
,,,00.000097200000, -16.80000,
,,,00.000097600000, -16.00000,
,,,00.000098000000, -16.80000,
,,,00.000098400000, -16.80000,
,,,00.000098800000, -16.80000,
,,,00.000099200000, -15.20000,
,,,00.000099600000, -15.20000,
,,,00.000100000000, -16.00000,
,,,00.000100400000, -16.80000,
,,,00.000100800000, -16.80000,
,,,00.000101200000, -16.00000,
,,,00.000101600000, -16.80000,
,,,00.000102000000, -15.20000,
,,,00.000102400000, -16.00000,
,,,00.000102800000, -16.00000,
,,,00.000103200000, -16.00000,
,,,00.000103600000, -17.60000,
,,,00.000104000000, -16.00000,
,,,00.000104400000, -16.00000,
,,,00.000104800000, -15.20000,
,,,00.000105200000, -16.00000,
,,,00.000105600000, -16.00000,
,,,00.000106000000, -16.00000,
,,,00.000106400000, -16.00000,
,,,00.000106800000, -16.00000,
,,,00.000107200000, -15.20000,
,,,00.000107600000, -16.00000,
,,,00.000108000000, -16.00000,
,,,00.000108400000, -16.80000,
,,,00.000108800000, -15.20000,
,,,00.000109200000, -16.00000,
,,,00.000109600000, -16.00000,
,,,00.000110000000, -16.80000,
,,,00.000110400000, -15.20000,
,,,00.000110800000,  -3.20000,
,,,00.000111200000,  16.80000,
,,,00.000111600000,  23.20000,
,,,00.000112000000,  24.00000,
,,,00.000112400000,  24.80000,
,,,00.000112800000,  24.80000,
,,,00.000113200000,  25.60000,
,,,00.000113600000,  24.80000,
,,,00.000114000000,  24.80000,
,,,00.000114400000,  25.60000,
,,,00.000114800000,  25.60000,
,,,00.000115200000,  24.80000,
,,,00.000115600000,  25.60000,
,,,00.000116000000,  25.60000,
,,,00.000116400000,  26.40000,
,,,00.000116800000,  24.80000,
,,,00.000117200000,  25.60000,
,,,00.000117600000,  25.60000,
,,,00.000118000000,  26.40000,
,,,00.000118400000,  24.80000,
,,,00.000118800000,  26.40000,
,,,00.000119200000,  26.40000,
,,,00.000119600000,  26.40000,
,,,00.000120000000,  25.60000,
,,,00.000120400000,  25.60000,
,,,00.000120800000,  25.60000,
,,,00.000121200000,  25.60000,
,,,00.000121600000,  25.60000,
,,,00.000122000000,  25.60000,
,,,00.000122400000,  25.60000,
,,,00.000122800000,  26.40000,
,,,00.000123200000,  24.00000,
,,,00.000123600000,  26.40000,
,,,00.000124000000,  25.60000,
,,,00.000124400000,  25.60000,
,,,00.000124800000,  26.40000,
,,,00.000125200000,  25.60000,
,,,00.000125600000,  25.60000,
,,,00.000126000000,  25.60000,
,,,00.000126400000,  25.60000,
,,,00.000126800000,  24.80000,
,,,00.000127200000,  26.40000,
,,,00.000127600000,  25.60000,
,,,00.000128000000,  26.40000,
,,,00.000128400000,  24.80000,
,,,00.000128800000,  25.60000,
,,,00.000129200000,  25.60000,
,,,00.000129600000,  26.40000,
,,,00.000130000000,  25.60000,
,,,00.000130400000,  24.80000,
,,,00.000130800000,  24.80000,
,,,00.000131200000,  25.60000,
,,,00.000131600000,  25.60000,
,,,00.000132000000,  25.60000,
,,,00.000132400000,  25.60000,
,,,00.000132800000,  25.60000,
,,,00.000133200000,  24.80000,
,,,00.000133600000,  25.60000,
,,,00.000134000000,  25.60000,
,,,00.000134400000,  25.60000,
,,,00.000134800000,  24.80000,
,,,00.000135200000,  25.60000,
,,,00.000135600000,  24.80000,
,,,00.000136000000,  25.60000,
,,,00.000136400000,  26.40000,
,,,00.000136800000,  26.40000,
,,,00.000137200000,  24.80000,
,,,00.000137600000,  25.60000,
,,,00.000138000000,  25.60000,
,,,00.000138400000,  24.80000,
,,,00.000138800000,  25.60000,
,,,00.000139200000,  24.80000,
,,,00.000139600000,  26.40000,
,,,00.000140000000,  24.80000,
,,,00.000140400000,  24.80000,
,,,00.000140800000,  25.60000,
,,,00.000141200000,  26.40000,
,,,00.000141600000,  24.00000,
,,,00.000142000000,  25.60000,
,,,00.000142400000,  25.60000,
,,,00.000142800000,  26.40000,
,,,00.000143200000,  24.80000,
,,,00.000143600000,  26.40000,
,,,00.000144000000,  25.60000,
,,,00.000144400000,  26.40000,
,,,00.000144800000,  24.00000,
,,,00.000145200000,  25.60000,
,,,00.000145600000,  24.00000,
,,,00.000146000000,  26.40000,
,,,00.000146400000,  24.80000,
,,,00.000146800000,  25.60000,
,,,00.000147200000,  25.60000,
,,,00.000147600000,  26.40000,
,,,00.000148000000,  24.80000,
,,,00.000148400000,  26.40000,
,,,00.000148800000,  25.60000,
,,,00.000149200000,  26.40000,
,,,00.000149600000,  24.80000,
,,,00.000150000000,  25.60000,
,,,00.000150400000,  25.60000,
,,,00.000150800000,  25.60000,
,,,00.000151200000,  24.80000,
,,,00.000151600000,  24.80000,
,,,00.000152000000,  25.60000,
,,,00.000152400000,  25.60000,
,,,00.000152800000,  25.60000,
,,,00.000153200000,  24.80000,
,,,00.000153600000,  24.80000,
,,,00.000154000000,  25.60000,
,,,00.000154400000,  24.80000,
,,,00.000154800000,  24.80000,
,,,00.000155200000,  25.60000,
,,,00.000155600000,  24.80000,
,,,00.000156000000,  26.40000,
,,,00.000156400000,  24.80000,
,,,00.000156800000,  25.60000,
,,,00.000157200000,  25.60000,
,,,00.000157600000,  25.60000,
,,,00.000158000000,  24.00000,
,,,00.000158400000,  24.80000,
,,,00.000158800000,  25.60000,
,,,00.000159200000,  26.40000,
,,,00.000159600000,  24.80000,
,,,00.000160000000,  25.60000,
,,,00.000160400000,  24.80000,
,,,00.000160800000,  25.60000,
,,,00.000161200000,  24.80000,
,,,00.000161600000,  25.60000,
,,,00.000162000000,  25.60000,
,,,00.000162400000,  26.40000,
,,,00.000162800000,  24.00000,
,,,00.000163200000,  25.60000,
,,,00.000163600000,  25.60000,
,,,00.000164000000,  24.80000,
,,,00.000164400000,  24.80000,
,,,00.000164800000,  25.60000,
,,,00.000165200000,  24.00000,
,,,00.000165600000,  25.60000,
,,,00.000166000000,  24.80000,
,,,00.000166400000,  24.80000,
,,,00.000166800000,  26.40000,
,,,00.000167200000,  24.80000,
,,,00.000167600000,  26.40000,
,,,00.000168000000,  24.80000,
,,,00.000168400000,  25.60000,
,,,00.000168800000,  24.80000,
,,,00.000169200000,  25.60000,
,,,00.000169600000,  24.00000,
,,,00.000170000000,  25.60000,
,,,00.000170400000,  24.00000,
,,,00.000170800000,  25.60000,
,,,00.000171200000,  24.00000,
,,,00.000171600000,  24.80000,
,,,00.000172000000,  25.60000,
,,,00.000172400000,  25.60000,
,,,00.000172800000,  24.80000,
,,,00.000173200000,  24.80000,
,,,00.000173600000,  24.80000,
,,,00.000174000000,  25.60000,
,,,00.000174400000,  24.00000,
,,,00.000174800000,  24.80000,
,,,00.000175200000,  24.80000,
,,,00.000175600000,  25.60000,
,,,00.000176000000,  24.80000,
,,,00.000176400000,  26.40000,
,,,00.000176800000,  24.80000,
,,,00.000177200000,  24.80000,
,,,00.000177600000,  25.60000,
,,,00.000178000000,  25.60000,
,,,00.000178400000,  24.80000,
,,,00.000178800000,  24.80000,
,,,00.000179200000,  25.60000,
,,,00.000179600000,  24.00000,
,,,00.000180000000,  25.60000,
,,,00.000180400000,  25.60000,
,,,00.000180800000,  26.40000,
,,,00.000181200000,  24.80000,
,,,00.000181600000,  24.80000,
,,,00.000182000000,  24.00000,
,,,00.000182400000,  26.40000,
,,,00.000182800000,  24.00000,
,,,00.000183200000,  25.60000,
,,,00.000183600000,  25.60000,
,,,00.000184000000,  26.40000,
,,,00.000184400000,   4.80000,
,,,00.000184800000,  -4.00000,
,,,00.000185200000,  -9.60000,
,,,00.000185600000, -12.80000,
,,,00.000186000000, -13.60000,
,,,00.000186400000, -15.20000,
,,,00.000186800000, -16.80000,
,,,00.000187200000, -16.00000,
,,,00.000187600000, -15.20000,
,,,00.000188000000, -16.00000,
,,,00.000188400000, -15.20000,
,,,00.000188800000, -16.80000,
,,,00.000189200000, -16.80000,
,,,00.000189600000, -16.80000,
,,,00.000190000000, -17.60000,
,,,00.000190400000, -16.00000,
,,,00.000190800000, -15.20000,
,,,00.000191200000, -16.00000,
,,,00.000191600000, -16.80000,
,,,00.000192000000, -16.80000,
,,,00.000192400000, -17.60000,
,,,00.000192800000, -16.00000,
,,,00.000193200000, -16.00000,
,,,00.000193600000, -16.80000,
,,,00.000194000000, -16.00000,
,,,00.000194400000, -16.80000,
,,,00.000194800000, -16.80000,
,,,00.000195200000, -17.60000,
,,,00.000195600000, -15.20000,
,,,00.000196000000, -18.40000,
,,,00.000196400000, -16.00000,
,,,00.000196800000, -16.80000,
,,,00.000197200000, -17.60000,
,,,00.000197600000, -16.80000,
,,,00.000198000000, -17.60000,
,,,00.000198400000, -16.80000,
,,,00.000198800000, -16.00000,
,,,00.000199200000, -17.60000,
,,,00.000199600000, -16.00000,
,,,00.000200000000, -16.00000,
,,,00.000200400000, -16.80000,
,,,00.000200800000, -16.80000,
,,,00.000201200000, -16.00000,
,,,00.000201600000, -16.80000,
,,,00.000202000000, -16.00000,
,,,00.000202400000, -16.80000,
,,,00.000202800000, -16.80000,
,,,00.000203200000, -17.60000,
,,,00.000203600000, -16.80000,
,,,00.000204000000, -16.80000,
,,,00.000204400000, -17.60000,
,,,00.000204800000, -16.80000,
,,,00.000205200000, -16.80000,
,,,00.000205600000, -17.60000,
,,,00.000206000000, -16.00000,
,,,00.000206400000, -16.00000,
,,,00.000206800000, -16.00000,
,,,00.000207200000, -16.00000,
,,,00.000207600000, -16.80000,
,,,00.000208000000, -16.80000,
,,,00.000208400000, -16.80000,
,,,00.000208800000, -16.80000,
,,,00.000209200000, -17.60000,
,,,00.000209600000, -16.80000,
,,,00.000210000000, -16.80000,
,,,00.000210400000, -16.80000,
,,,00.000210800000, -17.60000,
,,,00.000211200000, -16.00000,
,,,00.000211600000, -16.80000,
,,,00.000212000000, -16.00000,
,,,00.000212400000, -16.80000,
,,,00.000212800000, -16.80000,
,,,00.000213200000, -16.80000,
,,,00.000213600000, -15.20000,
,,,00.000214000000, -17.60000,
,,,00.000214400000, -16.80000,
,,,00.000214800000, -17.60000,
,,,00.000215200000, -16.80000,
,,,00.000215600000, -16.00000,
,,,00.000216000000, -16.80000,
,,,00.000216400000, -16.00000,
,,,00.000216800000, -16.80000,
,,,00.000217200000, -16.00000,
,,,00.000217600000, -16.00000,
,,,00.000218000000, -16.80000,
,,,00.000218400000, -16.00000,
,,,00.000218800000, -16.00000,
,,,00.000219200000, -17.60000,
,,,00.000219600000, -16.80000,
,,,00.000220000000, -16.00000,
,,,00.000220400000, -16.00000,
,,,00.000220800000, -16.80000,
,,,00.000221200000, -16.80000,
,,,00.000221600000, -16.00000,
,,,00.000222000000, -16.00000,
,,,00.000222400000, -16.80000,
,,,00.000222800000, -15.20000,
,,,00.000223200000, -16.80000,
,,,00.000223600000, -16.00000,
,,,00.000224000000, -16.00000,
,,,00.000224400000, -16.80000,
,,,00.000224800000, -16.80000,
,,,00.000225200000, -16.80000,
,,,00.000225600000, -16.00000,
,,,00.000226000000, -16.00000,
,,,00.000226400000, -16.80000,
,,,00.000226800000, -16.00000,
,,,00.000227200000, -16.80000,
,,,00.000227600000, -16.00000,
,,,00.000228000000, -16.80000,
,,,00.000228400000, -16.00000,
,,,00.000228800000, -17.60000,
,,,00.000229200000, -16.80000,
,,,00.000229600000, -17.60000,
,,,00.000230000000, -16.80000,
,,,00.000230400000, -16.00000,
,,,00.000230800000, -16.80000,
,,,00.000231200000, -16.00000,
,,,00.000231600000, -16.80000,
,,,00.000232000000, -16.80000,
,,,00.000232400000, -16.80000,
,,,00.000232800000, -16.00000,
,,,00.000233200000, -16.00000,
,,,00.000233600000, -16.00000,
,,,00.000234000000, -16.00000,
,,,00.000234400000, -16.80000,
,,,00.000234800000, -16.80000,
,,,00.000235200000, -15.20000,
,,,00.000235600000, -17.60000,
,,,00.000236000000, -16.00000,
,,,00.000236400000, -16.80000,
,,,00.000236800000, -16.80000,
,,,00.000237200000, -16.00000,
,,,00.000237600000, -16.80000,
,,,00.000238000000, -16.80000,
,,,00.000238400000, -16.00000,
,,,00.000238800000, -16.80000,
,,,00.000239200000, -16.80000,
,,,00.000239600000, -16.80000,
,,,00.000240000000, -17.60000,
,,,00.000240400000, -16.80000,
,,,00.000240800000, -16.00000,
,,,00.000241200000, -16.80000,
,,,00.000241600000, -16.00000,
,,,00.000242000000, -16.80000,
,,,00.000242400000, -16.80000,
,,,00.000242800000, -17.60000,
,,,00.000243200000, -16.00000,
,,,00.000243600000, -16.00000,
,,,00.000244000000, -16.80000,
,,,00.000244400000, -16.80000,
,,,00.000244800000, -16.00000,
,,,00.000245200000, -16.80000,
,,,00.000245600000, -16.00000,
,,,00.000246000000, -16.00000,
,,,00.000246400000, -16.00000,
,,,00.000246800000, -16.80000,
,,,00.000247200000, -16.00000,
,,,00.000247600000, -16.80000,
,,,00.000248000000, -16.80000,
,,,00.000248400000, -16.00000,
,,,00.000248800000, -17.60000,
,,,00.000249200000, -16.80000,
,,,00.000249600000, -16.80000,
,,,00.000250000000, -15.20000,
,,,00.000250400000, -16.80000,
,,,00.000250800000, -16.00000,
,,,00.000251200000, -16.00000,
,,,00.000251600000, -16.00000,
,,,00.000252000000, -16.80000,
,,,00.000252400000, -16.00000,
,,,00.000252800000, -16.80000,
,,,00.000253200000, -16.00000,
,,,00.000253600000, -16.80000,
,,,00.000254000000, -16.00000,
,,,00.000254400000, -16.00000,
,,,00.000254800000, -15.20000,
,,,00.000255200000, -16.00000,
,,,00.000255600000, -16.00000,
,,,00.000256000000, -16.80000,
,,,00.000256400000, -16.80000,
,,,00.000256800000, -16.80000,
,,,00.000257200000, -16.80000,
,,,00.000257600000, -16.00000,
,,,00.000258000000, -16.80000,
,,,00.000258400000, -16.00000,
,,,00.000258800000, -16.00000,
,,,00.000259200000, -16.80000,
,,,00.000259600000, -15.20000,
,,,00.000260000000, -16.80000,
,,,00.000260400000, -16.00000,
,,,00.000260800000, -17.60000,
,,,00.000261200000, -16.80000,
,,,00.000261600000, -16.00000,
,,,00.000262000000, -16.00000,
,,,00.000262400000, -16.00000,
,,,00.000262800000, -16.80000,
,,,00.000263200000, -16.00000,
,,,00.000263600000, -16.80000,
,,,00.000264000000, -16.00000,
,,,00.000264400000, -16.80000,
,,,00.000264800000, -16.80000,
,,,00.000265200000, -16.00000,
,,,00.000265600000, -16.00000,
,,,00.000266000000, -16.80000,
,,,00.000266400000, -16.00000,
,,,00.000266800000, -16.80000,
,,,00.000267200000, -16.00000,
,,,00.000267600000, -15.20000,
,,,00.000268000000, -16.80000,
,,,00.000268400000, -17.60000,
,,,00.000268800000, -16.80000,
,,,00.000269200000, -17.60000,
,,,00.000269600000, -16.00000,
,,,00.000270000000, -16.00000,
,,,00.000270400000, -16.00000,
,,,00.000270800000, -16.80000,
,,,00.000271200000, -16.80000,
,,,00.000271600000, -16.00000,
,,,00.000272000000, -16.00000,
,,,00.000272400000, -15.20000,
,,,00.000272800000, -15.20000,
,,,00.000273200000, -15.20000,
,,,00.000273600000, -16.00000,
,,,00.000274000000, -15.20000,
,,,00.000274400000, -16.00000,
,,,00.000274800000, -15.20000,
,,,00.000275200000, -16.80000,
,,,00.000275600000, -16.80000,
,,,00.000276000000, -16.80000,
,,,00.000276400000, -16.00000,
,,,00.000276800000, -15.20000,
,,,00.000277200000, -16.80000,
,,,00.000277600000, -16.80000,
,,,00.000278000000, -16.00000,
,,,00.000278400000, -16.00000,
,,,00.000278800000, -15.20000,
,,,00.000279200000, -16.00000,
,,,00.000279600000, -16.80000,
,,,00.000280000000, -16.80000,
,,,00.000280400000, -16.00000,
,,,00.000280800000, -16.80000,
,,,00.000281200000, -16.00000,
,,,00.000281600000, -16.00000,
,,,00.000282000000, -15.20000,
,,,00.000282400000, -16.80000,
,,,00.000282800000, -15.20000,
,,,00.000283200000, -15.20000,
,,,00.000283600000, -16.80000,
,,,00.000284000000, -16.00000,
,,,00.000284400000, -16.00000,
,,,00.000284800000, -16.00000,
,,,00.000285200000, -16.00000,
,,,00.000285600000, -15.20000,
,,,00.000286000000, -15.20000,
,,,00.000286400000, -16.00000,
,,,00.000286800000, -15.20000,
,,,00.000287200000, -16.00000,
,,,00.000287600000, -16.00000,
,,,00.000288000000, -16.80000,
,,,00.000288400000, -16.80000,
,,,00.000288800000, -16.00000,
,,,00.000289200000, -16.80000,
,,,00.000289600000, -16.00000,
,,,00.000290000000, -16.80000,
,,,00.000290400000, -16.00000,
,,,00.000290800000, -16.80000,
,,,00.000291200000, -16.00000,
,,,00.000291600000, -16.80000,
,,,00.000292000000, -14.40000,
,,,00.000292400000,  -3.20000,
,,,00.000292800000,  16.00000,
,,,00.000293200000,  23.20000,
,,,00.000293600000,  25.60000,
,,,00.000294000000,  24.80000,
,,,00.000294400000,  24.80000,
,,,00.000294800000,  25.60000,
,,,00.000295200000,  24.80000,
,,,00.000295600000,  24.00000,
,,,00.000296000000,  25.60000,
,,,00.000296400000,  26.40000,
,,,00.000296800000,  24.80000,
,,,00.000297200000,  24.80000,
,,,00.000297600000,  26.40000,
,,,00.000298000000,  26.40000,
,,,00.000298400000,  25.60000,
,,,00.000298800000,  24.80000,
,,,00.000299200000,  25.60000,
,,,00.000299600000,  26.40000,
,,,00.000300000000,  24.80000,
,,,00.000300400000,  24.80000,
,,,00.000300800000,  25.60000,
,,,00.000301200000,  26.40000,
,,,00.000301600000,  25.60000,
,,,00.000302000000,  26.40000,
,,,00.000302400000,  25.60000,
,,,00.000302800000,  26.40000,
,,,00.000303200000,  24.00000,
,,,00.000303600000,  25.60000,
,,,00.000304000000,  26.40000,
,,,00.000304400000,  25.60000,
,,,00.000304800000,  25.60000,
,,,00.000305200000,  25.60000,
,,,00.000305600000,  25.60000,
,,,00.000306000000,  26.40000,
,,,00.000306400000,  24.80000,
,,,00.000306800000,  25.60000,
,,,00.000307200000,  24.80000,
,,,00.000307600000,  26.40000,
,,,00.000308000000,  25.60000,
,,,00.000308400000,  24.80000,
,,,00.000308800000,  25.60000,
,,,00.000309200000,  25.60000,
,,,00.000309600000,  25.60000,
,,,00.000310000000,  24.80000,
,,,00.000310400000,  25.60000,
,,,00.000310800000,  25.60000,
,,,00.000311200000,  25.60000,
,,,00.000311600000,  24.80000,
,,,00.000312000000,  25.60000,
,,,00.000312400000,  25.60000,
,,,00.000312800000,  26.40000,
,,,00.000313200000,  25.60000,
,,,00.000313600000,  25.60000,
,,,00.000314000000,  25.60000,
,,,00.000314400000,  26.40000,
,,,00.000314800000,  25.60000,
,,,00.000315200000,  25.60000,
,,,00.000315600000,  25.60000,
,,,00.000316000000,  25.60000,
,,,00.000316400000,  24.80000,
,,,00.000316800000,  26.40000,
,,,00.000317200000,  26.40000,
,,,00.000317600000,  26.40000,
,,,00.000318000000,  24.80000,
,,,00.000318400000,  24.80000,
,,,00.000318800000,  26.40000,
,,,00.000319200000,  25.60000,
,,,00.000319600000,  24.80000,
,,,00.000320000000,  25.60000,
,,,00.000320400000,  25.60000,
,,,00.000320800000,  26.40000,
,,,00.000321200000,  24.00000,
,,,00.000321600000,  26.40000,
,,,00.000322000000,  26.40000,
,,,00.000322400000,  25.60000,
,,,00.000322800000,  24.80000,
,,,00.000323200000,  25.60000,
,,,00.000323600000,  25.60000,
,,,00.000324000000,  25.60000,
,,,00.000324400000,  25.60000,
,,,00.000324800000,  25.60000,
,,,00.000325200000,  26.40000,
,,,00.000325600000,  25.60000,
,,,00.000326000000,  26.40000,
,,,00.000326400000,  25.60000,
,,,00.000326800000,  26.40000,
,,,00.000327200000,  24.80000,
,,,00.000327600000,  26.40000,
,,,00.000328000000,  24.00000,
,,,00.000328400000,  24.80000,
,,,00.000328800000,  24.80000,
,,,00.000329200000,  26.40000,
,,,00.000329600000,  24.80000,
,,,00.000330000000,  25.60000,
,,,00.000330400000,  25.60000,
,,,00.000330800000,  25.60000,
,,,00.000331200000,  24.00000,
,,,00.000331600000,  24.00000,
,,,00.000332000000,  25.60000,
,,,00.000332400000,  26.40000,
,,,00.000332800000,  24.80000,
,,,00.000333200000,  25.60000,
,,,00.000333600000,  24.80000,
,,,00.000334000000,  25.60000,
,,,00.000334400000,  24.80000,
,,,00.000334800000,  24.80000,
,,,00.000335200000,  24.80000,
,,,00.000335600000,  24.80000,
,,,00.000336000000,  25.60000,
,,,00.000336400000,  24.80000,
,,,00.000336800000,  25.60000,
,,,00.000337200000,  25.60000,
,,,00.000337600000,  25.60000,
,,,00.000338000000,  24.00000,
,,,00.000338400000,  26.40000,
,,,00.000338800000,  25.60000,
,,,00.000339200000,  25.60000,
,,,00.000339600000,  24.80000,
,,,00.000340000000,  24.80000,
,,,00.000340400000,  24.80000,
,,,00.000340800000,  27.20000,
,,,00.000341200000,  24.00000,
,,,00.000341600000,  25.60000,
,,,00.000342000000,  25.60000,
,,,00.000342400000,  26.40000,
,,,00.000342800000,  24.00000,
,,,00.000343200000,  25.60000,
,,,00.000343600000,  25.60000,
,,,00.000344000000,  25.60000,
,,,00.000344400000,  24.80000,
,,,00.000344800000,  25.60000,
,,,00.000345200000,  24.80000,
,,,00.000345600000,  26.40000,
,,,00.000346000000,  24.80000,
,,,00.000346400000,  24.80000,
,,,00.000346800000,  24.00000,
,,,00.000347200000,  25.60000,
,,,00.000347600000,  24.80000,
,,,00.000348000000,  24.80000,
,,,00.000348400000,  24.80000,
,,,00.000348800000,  25.60000,
,,,00.000349200000,  24.80000,
,,,00.000349600000,  24.00000,
,,,00.000350000000,  25.60000,
,,,00.000350400000,  25.60000,
,,,00.000350800000,  25.60000,
,,,00.000351200000,  24.80000,
,,,00.000351600000,  25.60000,
,,,00.000352000000,  25.60000,
,,,00.000352400000,  25.60000,
,,,00.000352800000,  24.80000,
,,,00.000353200000,  24.80000,
,,,00.000353600000,  25.60000,
,,,00.000354000000,  25.60000,
,,,00.000354400000,  24.80000,
,,,00.000354800000,  24.80000,
,,,00.000355200000,  24.80000,
,,,00.000355600000,  26.40000,
,,,00.000356000000,  24.80000,
,,,00.000356400000,  24.80000,
,,,00.000356800000,  24.80000,
,,,00.000357200000,  24.80000,
,,,00.000357600000,  24.00000,
,,,00.000358000000,  24.80000,
,,,00.000358400000,  24.80000,
,,,00.000358800000,  25.60000,
,,,00.000359200000,  24.80000,
,,,00.000359600000,  24.00000,
,,,00.000360000000,  24.80000,
,,,00.000360400000,  25.60000,
,,,00.000360800000,  23.20000,
,,,00.000361200000,  24.80000,
,,,00.000361600000,  24.80000,
,,,00.000362000000,  25.60000,
,,,00.000362400000,  24.80000,
,,,00.000362800000,  24.80000,
,,,00.000363200000,  24.80000,
,,,00.000363600000,  24.80000,
,,,00.000364000000,  24.80000,
,,,00.000364400000,  24.00000,
,,,00.000364800000,  25.60000,
,,,00.000365200000,  25.60000,
,,,00.000365600000,  26.40000,
,,,00.000366000000,   5.60000,
,,,00.000366400000,  -4.00000,
,,,00.000366800000,  -8.80000,
,,,00.000367200000, -12.00000,
,,,00.000367600000, -14.40000,
,,,00.000368000000, -16.00000,
,,,00.000368400000, -16.80000,
,,,00.000368800000, -16.00000,
,,,00.000369200000, -16.80000,
,,,00.000369600000, -16.80000,
,,,00.000370000000, -16.00000,
,,,00.000370400000, -16.80000,
,,,00.000370800000, -16.00000,
,,,00.000371200000, -16.00000,
,,,00.000371600000, -16.80000,
,,,00.000372000000, -15.20000,
,,,00.000372400000, -16.80000,
,,,00.000372800000, -16.80000,
,,,00.000373200000, -16.80000,
,,,00.000373600000, -16.80000,
,,,00.000374000000, -16.80000,
,,,00.000374400000, -16.00000,
,,,00.000374800000, -16.80000,
,,,00.000375200000, -17.60000,
,,,00.000375600000, -16.00000,
,,,00.000376000000, -16.80000,
,,,00.000376400000, -16.80000,
,,,00.000376800000, -16.00000,
,,,00.000377200000, -16.00000,
,,,00.000377600000, -16.80000,
,,,00.000378000000, -16.80000,
,,,00.000378400000, -16.80000,
,,,00.000378800000, -16.80000,
,,,00.000379200000, -16.80000,
,,,00.000379600000, -16.00000,
,,,00.000380000000, -16.80000,
,,,00.000380400000, -16.80000,
,,,00.000380800000, -16.80000,
,,,00.000381200000, -16.80000,
,,,00.000381600000, -17.60000,
,,,00.000382000000, -16.80000,
,,,00.000382400000, -16.80000,
,,,00.000382800000, -16.80000,
,,,00.000383200000, -16.80000,
,,,00.000383600000, -16.80000,
,,,00.000384000000, -17.60000,
,,,00.000384400000, -16.80000,
,,,00.000384800000, -16.80000,
,,,00.000385200000, -16.00000,
,,,00.000385600000, -16.80000,
,,,00.000386000000, -16.00000,
,,,00.000386400000, -16.80000,
,,,00.000386800000, -16.00000,
,,,00.000387200000, -16.80000,
,,,00.000387600000, -17.60000,
,,,00.000388000000, -16.80000,
,,,00.000388400000, -16.80000,
,,,00.000388800000, -16.80000,
,,,00.000389200000, -16.80000,
,,,00.000389600000, -16.00000,
,,,00.000390000000, -17.60000,
,,,00.000390400000, -16.80000,
,,,00.000390800000, -16.80000,
,,,00.000391200000, -15.20000,
,,,00.000391600000, -16.00000,
,,,00.000392000000, -16.00000,
,,,00.000392400000, -17.60000,
,,,00.000392800000, -16.00000,
,,,00.000393200000, -16.80000,
,,,00.000393600000, -15.20000,
,,,00.000394000000, -16.80000,
,,,00.000394400000, -16.00000,
,,,00.000394800000, -16.80000,
,,,00.000395200000, -16.80000,
,,,00.000395600000, -16.80000,
,,,00.000396000000, -17.60000,
,,,00.000396400000, -16.00000,
,,,00.000396800000, -16.80000,
,,,00.000397200000, -16.00000,
,,,00.000397600000, -16.80000,
,,,00.000398000000, -16.00000,
,,,00.000398400000, -17.60000,
,,,00.000398800000, -16.80000,
,,,00.000399200000, -16.80000,
,,,00.000399600000, -16.00000,
,,,00.000400000000, -16.00000,
,,,00.000400400000, -17.60000,
,,,00.000400800000, -16.80000,
,,,00.000401200000, -16.80000,
,,,00.000401600000, -16.80000,
,,,00.000402000000, -16.80000,
,,,00.000402400000, -17.60000,
,,,00.000402800000, -16.80000,
,,,00.000403200000, -16.80000,
,,,00.000403600000, -16.80000,
,,,00.000404000000, -16.80000,
,,,00.000404400000, -16.80000,
,,,00.000404800000, -16.80000,
,,,00.000405200000, -16.80000,
,,,00.000405600000, -16.80000,
,,,00.000406000000, -16.80000,
,,,00.000406400000, -16.80000,
,,,00.000406800000, -16.80000,
,,,00.000407200000, -16.80000,
,,,00.000407600000, -16.80000,
,,,00.000408000000, -16.80000,
,,,00.000408400000, -16.00000,
,,,00.000408800000, -17.60000,
,,,00.000409200000, -16.80000,
,,,00.000409600000, -16.00000,
,,,00.000410000000, -16.80000,
,,,00.000410400000, -16.80000,
,,,00.000410800000, -16.80000,
,,,00.000411200000, -16.80000,
,,,00.000411600000, -15.20000,
,,,00.000412000000, -16.80000,
,,,00.000412400000, -16.00000,
,,,00.000412800000, -16.00000,
,,,00.000413200000, -16.00000,
,,,00.000413600000, -16.80000,
,,,00.000414000000, -16.00000,
,,,00.000414400000, -17.60000,
,,,00.000414800000, -16.80000,
,,,00.000415200000, -16.00000,
,,,00.000415600000, -16.80000,
,,,00.000416000000, -16.00000,
,,,00.000416400000, -16.00000,
,,,00.000416800000, -16.00000,
,,,00.000417200000, -16.80000,
,,,00.000417600000, -16.80000,
,,,00.000418000000, -16.00000,
,,,00.000418400000, -16.80000,
,,,00.000418800000, -16.80000,
,,,00.000419200000, -16.80000,
,,,00.000419600000, -16.00000,
,,,00.000420000000, -16.00000,
,,,00.000420400000, -16.80000,
,,,00.000420800000, -16.00000,
,,,00.000421200000, -16.80000,
,,,00.000421600000, -16.00000,
,,,00.000422000000, -16.80000,
,,,00.000422400000, -16.00000,
,,,00.000422800000, -16.80000,
,,,00.000423200000, -16.80000,
,,,00.000423600000, -16.80000,
,,,00.000424000000, -16.00000,
,,,00.000424400000, -17.60000,
,,,00.000424800000, -16.00000,
,,,00.000425200000, -16.80000,
,,,00.000425600000, -16.00000,
,,,00.000426000000, -16.00000,
,,,00.000426400000, -16.00000,
,,,00.000426800000, -16.80000,
,,,00.000427200000, -16.80000,
,,,00.000427600000, -16.80000,
,,,00.000428000000, -16.00000,
,,,00.000428400000, -16.00000,
,,,00.000428800000, -16.80000,
,,,00.000429200000, -16.00000,
,,,00.000429600000, -16.80000,
,,,00.000430000000, -16.00000,
,,,00.000430400000, -16.80000,
,,,00.000430800000, -16.00000,
,,,00.000431200000, -15.20000,
,,,00.000431600000, -15.20000,
,,,00.000432000000, -16.00000,
,,,00.000432400000, -16.00000,
,,,00.000432800000, -17.60000,
,,,00.000433200000, -16.00000,
,,,00.000433600000, -16.80000,
,,,00.000434000000, -16.00000,
,,,00.000434400000, -17.60000,
,,,00.000434800000, -16.00000,
,,,00.000435200000, -16.00000,
,,,00.000435600000, -17.60000,
,,,00.000436000000, -16.80000,
,,,00.000436400000, -17.60000,
,,,00.000436800000, -15.20000,
,,,00.000437200000, -16.00000,
,,,00.000437600000, -16.80000,
,,,00.000438000000, -17.60000,
,,,00.000438400000, -16.80000,
,,,00.000438800000, -16.80000,
,,,00.000439200000, -16.80000,
,,,00.000439600000, -15.20000,
,,,00.000440000000, -16.80000,
,,,00.000440400000, -15.20000,
,,,00.000440800000, -16.00000,
,,,00.000441200000, -15.20000,
,,,00.000441600000, -16.00000,
,,,00.000442000000, -16.00000,
,,,00.000442400000, -16.00000,
,,,00.000442800000, -16.00000,
,,,00.000443200000, -16.80000,
,,,00.000443600000, -16.80000,
,,,00.000444000000, -16.80000,
,,,00.000444400000, -15.20000,
,,,00.000444800000, -15.20000,
,,,00.000445200000, -16.80000,
,,,00.000445600000, -16.00000,
,,,00.000446000000, -16.80000,
,,,00.000446400000, -16.00000,
,,,00.000446800000, -16.80000,
,,,00.000447200000, -16.00000,
,,,00.000447600000, -16.80000,
,,,00.000448000000, -16.00000,
,,,00.000448400000, -16.80000,
,,,00.000448800000, -15.20000,
,,,00.000449200000, -16.00000,
,,,00.000449600000, -16.00000,
,,,00.000450000000, -16.00000,
,,,00.000450400000, -15.20000,
,,,00.000450800000, -16.00000,
,,,00.000451200000, -15.20000,
,,,00.000451600000, -16.80000,
,,,00.000452000000, -16.80000,
,,,00.000452400000, -16.00000,
,,,00.000452800000, -16.00000,
,,,00.000453200000, -16.80000,
,,,00.000453600000, -16.80000,
,,,00.000454000000, -16.00000,
,,,00.000454400000, -16.80000,
,,,00.000454800000, -16.00000,
,,,00.000455200000, -15.20000,
,,,00.000455600000, -16.00000,
,,,00.000456000000, -16.00000,
,,,00.000456400000, -16.00000,
,,,00.000456800000, -16.00000,
,,,00.000457200000, -16.00000,
,,,00.000457600000, -15.20000,
,,,00.000458000000, -16.00000,
,,,00.000458400000, -16.80000,
,,,00.000458800000, -16.80000,
,,,00.000459200000, -15.20000,
,,,00.000459600000, -16.00000,
,,,00.000460000000, -16.00000,
,,,00.000460400000, -16.00000,
,,,00.000460800000, -16.80000,
,,,00.000461200000, -16.00000,
,,,00.000461600000, -15.20000,
,,,00.000462000000, -16.00000,
,,,00.000462400000, -16.00000,
,,,00.000462800000, -16.00000,
,,,00.000463200000, -16.00000,
,,,00.000463600000, -16.80000,
,,,00.000464000000, -16.00000,
,,,00.000464400000, -16.00000,
,,,00.000464800000, -16.80000,
,,,00.000465200000, -16.00000,
,,,00.000465600000, -15.20000,
,,,00.000466000000, -16.00000,
,,,00.000466400000, -16.80000,
,,,00.000466800000, -16.80000,
,,,00.000467200000, -16.80000,
,,,00.000467600000, -16.00000,
,,,00.000468000000, -16.00000,
,,,00.000468400000, -16.00000,
,,,00.000468800000, -16.00000,
,,,00.000469200000, -16.80000,
,,,00.000469600000, -16.80000,
,,,00.000470000000, -16.00000,
,,,00.000470400000, -16.00000,
,,,00.000470800000, -15.20000,
,,,00.000471200000, -16.00000,
,,,00.000471600000, -16.00000,
,,,00.000472000000, -15.20000,
,,,00.000472400000, -17.60000,
,,,00.000472800000, -15.20000,
,,,00.000473200000, -16.80000,
,,,00.000473600000, -16.00000,
,,,00.000474000000,  -4.80000,
,,,00.000474400000,  16.00000,
,,,00.000474800000,  23.20000,
,,,00.000475200000,  24.00000,
,,,00.000475600000,  25.60000,
,,,00.000476000000,  25.60000,
,,,00.000476400000,  24.80000,
,,,00.000476800000,  25.60000,
,,,00.000477200000,  24.80000,
,,,00.000477600000,  25.60000,
,,,00.000478000000,  24.00000,
,,,00.000478400000,  25.60000,
,,,00.000478800000,  24.80000,
,,,00.000479200000,  25.60000,
,,,00.000479600000,  24.80000,
,,,00.000480000000,  24.80000,
,,,00.000480400000,  24.80000,
,,,00.000480800000,  25.60000,
,,,00.000481200000,  24.80000,
,,,00.000481600000,  25.60000,
,,,00.000482000000,  25.60000,
,,,00.000482400000,  25.60000,
,,,00.000482800000,  25.60000,
,,,00.000483200000,  25.60000,
,,,00.000483600000,  25.60000,
,,,00.000484000000,  25.60000,
,,,00.000484400000,  27.20000,
,,,00.000484800000,  25.60000,
,,,00.000485200000,  26.40000,
,,,00.000485600000,  25.60000,
,,,00.000486000000,  26.40000,
,,,00.000486400000,  24.80000,
,,,00.000486800000,  25.60000,
,,,00.000487200000,  26.40000,
,,,00.000487600000,  26.40000,
,,,00.000488000000,  25.60000,
,,,00.000488400000,  25.60000,
,,,00.000488800000,  25.60000,
,,,00.000489200000,  25.60000,
,,,00.000489600000,  24.80000,
,,,00.000490000000,  25.60000,
,,,00.000490400000,  25.60000,
,,,00.000490800000,  26.40000,
,,,00.000491200000,  25.60000,
,,,00.000491600000,  26.40000,
,,,00.000492000000,  24.80000,
,,,00.000492400000,  25.60000,
,,,00.000492800000,  26.40000,
,,,00.000493200000,  26.40000,
,,,00.000493600000,  25.60000,
,,,00.000494000000,  25.60000,
,,,00.000494400000,  25.60000,
,,,00.000494800000,  25.60000,
,,,00.000495200000,  24.80000,
,,,00.000495600000,  25.60000,
,,,00.000496000000,  24.80000,
,,,00.000496400000,  24.80000,
,,,00.000496800000,  25.60000,
,,,00.000497200000,  26.40000,
,,,00.000497600000,  26.40000,
,,,00.000498000000,  24.00000,
,,,00.000498400000,  25.60000,
,,,00.000498800000,  26.40000,
,,,00.000499200000,  26.40000,
,,,00.000499600000,  24.80000,
